name,category,url,notes,domain,http_status,sources
Alaska Arrests,background-checks,https://www.alaskaarrests.org/request-portal,Arrests.org request portal for this state site. The portal URL was responding on 2026-10-01.,alaskaarrests.org,200,persprotect
Arkansas Arrests,background-checks,https://www.arkansasarrests.org/request-portal,Arrests.org request portal for this state site. The portal URL was responding on 2026-10-01.,arkansasarrests.org,200,persprotect
BackgroundCheckers,background-checks,https://www.backgroundcheckers.net/optOut/name/landing,Web form + CAPTCHA + email verification. Open-dataset difficulty: moderate.,backgroundcheckers.net,200,persprotect
California Arrests,background-checks,https://www.californiaarrests.org/request-portal,Arrests.org request portal for this state site. The portal URL was responding on 2026-10-01.,californiaarrests.org,200,persprotect
Colorado Arrests,background-checks,https://www.coloradoarrests.org/request-portal,Arrests.org request portal for this state site. The portal URL was responding on 2026-10-01.,coloradoarrests.org,200,persprotect
FindMugshots,background-checks,https://www.findmugshots.com/google_remove.php,Opt-out or consumer privacy-request page. Automated check on 2026-10-01 got HTTP 403. Open the link in a browser.,findmugshots.com,403,persprotect
First Advantage Corporation,background-checks,https://fadv.com/privacy-center/,First Advantage privacy center. An older dataset pointed at a non-U.S. residents path; start here instead. Automated check on 2026-10-01 got HTTP 403. Open the link in a browser.,fadv.com,403,persprotect;manual
Florida Arrests,background-checks,https://www.flarrests.org/request-portal,Arrests.org request portal for this state site. The portal URL was responding on 2026-10-01.,flarrests.org,200,persprotect
FreeBackgroundChecks.com,background-checks,https://freebackgroundchecks.com/optout/,Opt-out or consumer privacy-request page. Email: privacy@freebackgroundchecks.com. Automated check on 2026-10-01 got HTTP 429. Open the link in a browser.,freebackgroundchecks.com,429,persprotect
Georgia Arrests,background-checks,https://www.georgiaarrests.org/request-portal,Arrests.org request portal for this state site. The portal URL was responding on 2026-10-01.,georgiaarrests.org,200,persprotect
Hawaii Arrests,background-checks,https://www.hawaiiarrests.org/request-portal,Arrests.org request portal for this state site. The portal URL was responding on 2026-10-01.,hawaiiarrests.org,200,persprotect
"HireRight, LLC",background-checks,https://www.hireright.com/legal/united-states-opt-out-rights-outside-of-california,Opt-out or consumer privacy-request page. Email: HireRightPrivacy@hireright.com.,hireright.com,200,persprotect
Idaho Arrests,background-checks,https://www.idahoarrests.org/request-portal,Arrests.org request portal for this state site. The portal URL was responding on 2026-10-01.,idahoarrests.org,200,persprotect
Illinois Arrests,background-checks,https://www.illinoisarrests.org/request-portal,Arrests.org request portal for this state site. The portal URL was responding on 2026-10-01.,illinoisarrests.org,200,persprotect
InmatesSearcher,background-checks,https://www.inmatessearcher.com/optOut/name/landing,Online form + email verification. Open-dataset difficulty: easy.,inmatessearcher.com,200,persprotect
Iowa Arrests,background-checks,https://www.iowaarrests.org/request-portal,Arrests.org request portal for this state site. The portal URL was responding on 2026-10-01.,iowaarrests.org,200,persprotect
Kentucky Arrests,background-checks,https://www.kentuckyarrests.org/request-portal,Arrests.org request portal for this state site. The portal URL was responding on 2026-10-01.,kentuckyarrests.org,200,persprotect
LexisNexis,background-checks,https://consumer.risk.lexisnexis.com/opt,"LexisNexis Risk Solutions opt-out for direct marketing, FCRA prescreen lists (including SageStream), and some public-safety suppressions. Some choices require documents. Law-enforcement and FCRA-regulated products are not fully removed. Instructions: https://www.lexisnexis.com/en-us/privacy/for-consumers/opt-out-of-lexisnexis.page. https://optout.lexisnexis.com/ redirects here.",lexisnexis.com,200,persprotect;markup;manual
Louisiana Arrests,background-checks,https://www.louisianaarrests.org/request-portal,Arrests.org request portal for this state site. The portal URL was responding on 2026-10-01.,louisianaarrests.org,200,persprotect
Massachusetts Arrests,background-checks,https://www.maarrests.org/request-portal,Arrests.org request portal for this state site. The portal URL was responding on 2026-10-01.,maarrests.org,200,persprotect
Michigan Arrests,background-checks,https://www.michiganarrests.org/request-portal,Arrests.org request portal for this state site. The portal URL was responding on 2026-10-01.,michiganarrests.org,200,persprotect
Minnesota Arrests,background-checks,https://www.minnesotaarrests.org/request-portal,Arrests.org request portal for this state site. The portal URL was responding on 2026-10-01.,minnesotaarrests.org,200,persprotect
Mississippi Arrests,background-checks,https://www.msarrests.org/request-portal,Arrests.org request portal for this state site. The portal URL was responding on 2026-10-01.,msarrests.org,200,persprotect
Missouri Arrests,background-checks,https://www.missouriarrests.org/request-portal,Arrests.org request portal for this state site. The portal URL was responding on 2026-10-01.,missouriarrests.org,200,persprotect
Montana Arrests,background-checks,https://www.montanaarrests.org/request-portal,Arrests.org request portal for this state site. The portal URL was responding on 2026-10-01.,montanaarrests.org,200,persprotect
New Hampshire Arrests,background-checks,https://www.nharrests.org/request-portal,Arrests.org request portal for this state site. The portal URL was responding on 2026-10-01.,nharrests.org,200,persprotect
New Mexico Arrests,background-checks,https://www.nmarrests.org/request-portal,Arrests.org request portal for this state site. The portal URL was responding on 2026-10-01.,nmarrests.org,200,persprotect
New York Arrests,background-checks,https://www.nyarrests.org/request-portal,Arrests.org request portal for this state site. The portal URL was responding on 2026-10-01.,nyarrests.org,200,persprotect
Ohio Arrests,background-checks,https://www.ohioarrests.org/request-portal,Arrests.org request portal for this state site. The portal URL was responding on 2026-10-01.,ohioarrests.org,200,persprotect
Oregon Arrests,background-checks,https://www.oregonarrest.org/request-portal,Arrests.org request portal for this state site. The portal URL was responding on 2026-10-01.,oregonarrest.org,200,persprotect
Pennsylvania Arrests,background-checks,https://www.pennsylvaniaarrests.org/request-portal,Arrests.org request portal for this state site. The portal URL was responding on 2026-10-01.,pennsylvaniaarrests.org,200,persprotect
Rhode Island Arrests,background-checks,https://www.riarrests.org/request-portal,Arrests.org request portal for this state site. The portal URL was responding on 2026-10-01.,riarrests.org,200,persprotect
South Carolina Arrests,background-checks,https://www.scarrests.org/request-portal,Arrests.org request portal for this state site. The portal URL was responding on 2026-10-01.,scarrests.org,200,persprotect
Sterling Data Company LLC,background-checks,https://sterling.ai/privacy-policy/,"Privacy notice or privacy-policy page. Use the state-rights, do-not-sell, or request section. Automated check on 2026-10-01 got HTTP 403. Open the link in a browser.",sterling.ai,403,markup
Tennessee Arrests,background-checks,https://www.tennesseearrests.org/request-portal,Arrests.org request portal for this state site. The portal URL was responding on 2026-10-01.,tennesseearrests.org,200,persprotect
Virginia Arrests,background-checks,https://www.virginiaarrests.org/request-portal,Arrests.org request portal for this state site. The portal URL was responding on 2026-10-01.,virginiaarrests.org,200,persprotect
Washington Arrests,background-checks,https://www.washingtonarrests.org/request-portal,Arrests.org request portal for this state site. The portal URL was responding on 2026-10-01.,washingtonarrests.org,200,persprotect
West Virginia Arrests,background-checks,https://www.wvarrests.org/request-portal,Arrests.org request portal for this state site. The portal URL was responding on 2026-10-01.,wvarrests.org,200,persprotect
Wisconsin Arrests,background-checks,https://www.wisconsinarrests.org/request-portal,Arrests.org request portal for this state site. The portal URL was responding on 2026-10-01.,wisconsinarrests.org,200,persprotect
Wyoming Arrests,background-checks,https://www.wyomingarrests.org/request-portal,Arrests.org request portal for this state site. The portal URL was responding on 2026-10-01.,wyomingarrests.org,200,persprotect
ChexSystems,credit-financial,https://www.chexsystems.com/optout,"Opt out of ChexSystems prescreened credit and insurance lists. The online form requires a consumer-portal account. Phone: 877-678-6885. Mail: Chex Systems, Inc., Attn: Opt Out Department, PO Box 583399, Minneapolis, MN 55458. Online exclusion is five years; permanent exclusion is a signed mail form.",chexsystems.com,200,manual
Equifax,credit-financial,https://myprivacy.equifax.com/opt-in-opt-out/personal-info,"myPrivacy form to opt out of sharing or sale, or to limit use of sensitive data. This does not delete the FCRA credit file. Phone: 1-866-295-6801. A security freeze is a different request.",equifax.com,200,persprotect;markup;manual
Experian,credit-financial,https://www.experian.com/privacy/opting_out,"Marketing opt-out page for direct mail, phone, email, targeted ads, and prescreened offers. Separate from a credit freeze and from OptOutPrescreen.",experian.com,200,persprotect;markup
"Experian Health, Inc.",credit-financial,https://consumerprivacy.experian.com/,Experian Health consumer privacy portal. The request flow starts on this host.,consumerprivacy.experian.com,200,markup
Innovis,credit-financial,https://www.innovis.com/personal/optOutOptIn,"Firm offers of credit or insurance. Innovis directs consumers to OptOutPrescreen or 1-888-567-8688. Mail: Innovis Consumer Assistance, PO Box 530088, Atlanta, GA 30353-0088. Consumer phone: 1-800-540-2505.",innovis.com,200,persprotect;manual
NCTUE,credit-financial,https://www.nctueconsumerportal.com/,"Consumer portal for the National Consumer Telecom and Utilities Exchange, which reports phone, utility, and pay-TV account history. File disclosure and related requests start at the portal.",nctue.com,200,persprotect
OptOutPrescreen (Experian/Equifax/TransUnion/Innovis),credit-financial,https://www.optoutprescreen.com/,"Official opt-out for prescreened firm offers of credit or insurance. Shared with Equifax, Experian, TransUnion, and Innovis. Phone: 1-888-567-8688. Automated check on 2026-10-01 got HTTP 403. Open the link in a browser.",optoutprescreen.com,403,persprotect
"SageStream, LLC",credit-financial,https://www.sagestreamllc.com/opt-out-opt-in/index.html,Opt-out or consumer privacy-request page.,sagestreamllc.com,200,persprotect
TransUnion,credit-financial,https://www.transunion.com/consumer-privacy,Consumer privacy page for state privacy requests. A credit freeze and OptOutPrescreen are separate requests. Automated check on 2026-10-01 got HTTP 403. Open the link in a browser.,transunion.com,403,persprotect;markup
01Advertising Inc.,marketing,https://www.01advertising.com/legal/,Opt-out or consumer privacy-request page.,01advertising.com,200,markup
"6sense Insights, Inc.",marketing,https://6sense.com/privacy-policy/,"Privacy notice or privacy-policy page. Use the state-rights, do-not-sell, or request section. The Markup and CalMatters (2025) found page code that hid this URL from search engines. Automated check on 2026-10-01 got HTTP 403. Open the link in a browser.",6sense.com,403,markup
A Direct Marketing Inc,marketing,https://www.bookyourdata.com/ccpa-ready,Opt-out or consumer privacy-request page. Automated check on 2026-10-01 got HTTP 403. Open the link in a browser.,bookyourdata.com,403,markup
Accurate Append Inc.,marketing,https://clients.accurateappend.com/public/optout/capture,Opt-out or consumer privacy-request page. Automated check on 2026-10-01 got HTTP 403. Open the link in a browser.,clients.accurateappend.com,403,markup
Acxiom,marketing,https://www.acxiom.com/optout/,"U.S. consumer opt-out with email confirmation. Phone if you have no email: (877) 774-2094. Mail: Acxiom LLC, Consumer Care Advocate, CWY0301-026, Attention: Consumer Rights Requests, P.O. Box 2000, Conway, AR 72033.",acxiom.com,200,persprotect;markup
Adstra (American List Counsel),marketing,https://privacyportal.onetrust.com/webform/3d2d5e0c-bd98-46b8-906c-ede68a6f6a80/f54a1b10-bb5d-4c99-9521-3e08dc527583,Web form (OneTrust) or email. Email: privacy.officer@adstradata.com. Open-dataset difficulty: moderate.,adstradata.com,200,persprotect;markup
AGR Marketing Solutions LLC,marketing,https://agrmarketingsolutions.com/privacy-policy/,"Privacy notice or privacy-policy page. Use the state-rights, do-not-sell, or request section.",agrmarketingsolutions.com,200,markup
"AlikeAudience, Inc.",marketing,https://www.alikeaudience.com/privacy-policy/,"Privacy notice or privacy-policy page. Use the state-rights, do-not-sell, or request section.",alikeaudience.com,200,markup
Astoria Company Marketing LLC,marketing,https://astoriacompany.com/privacy-policy/,"Privacy notice or privacy-policy page. Use the state-rights, do-not-sell, or request section.",astoriacompany.com,200,markup
AtData (formerly TowerData),marketing,https://privacyportal-cdn.onetrust.com/dsarwebform/b38ccfa3-c14a-451e-bf1d-974d1e278b7c/6214ac53-9059-474d-a847-800250556e9d.html,Web opt-out form. Email: privacy@atdata.com. Open-dataset difficulty: easy.,atdata.com,200,persprotect;markup
Audience Acuity LLC,marketing,https://audienceacuity.com/california/,Opt-out or consumer privacy-request page. Automated check on 2026-10-01 got HTTP 403. Open the link in a browser.,audienceacuity.com,403,markup
AudiencePoint Inc.,marketing,https://audiencepoint.com/cpra/,Opt-out or consumer privacy-request page. Automated check on 2026-10-01 got HTTP 403. Open the link in a browser.,audiencepoint.com,403,markup
BH MARKETING GROUP LLC,marketing,https://usmarketinggrp.com/privacy-policy/#CCPA,"Privacy notice or privacy-policy page. Use the state-rights, do-not-sell, or request section.",usmarketinggrp.com,200,markup
"Blue Hill Marketing Solutions, Inc",marketing,https://www.liftbasedata.com/request-to-know/,Opt-out or consumer privacy-request page. The Markup and CalMatters (2025) found page code that hid this URL from search engines. Automated check on 2026-10-01 got HTTP 403. Open the link in a browser.,liftbasedata.com,403,markup
"Bombora, Inc",marketing,https://bombora.com/privacy-philosophy/,Opt-out or consumer privacy-request page. Automated check on 2026-10-01 got HTTP 403. Open the link in a browser.,bombora.com,403,markup
"Brooks Integrated Marketing, LLC",marketing,https://www.brooksim.com/privacy-form,Opt-out or consumer privacy-request page.,brooksim.com,200,markup
Catalina Marketing Corporation,marketing,https://www.catalina.com/legal#privacy-notice,"Privacy notice or privacy-policy page. Use the state-rights, do-not-sell, or request section.",catalina.com,200,markup
Catalist LLC,marketing,https://catalist.us/privacy-policy/,"Privacy notice or privacy-policy page. Use the state-rights, do-not-sell, or request section.",catalist.us,200,markup
Claritas LLC.,marketing,https://www.claritas.com/privacy-legal/,Opt-out or consumer privacy-request page.,claritas.com,200,markup
"Cognism, Inc.",marketing,https://cognism.privacy.saymine.io/cognism,Opt-out or consumer privacy-request page.,cognism.com,200,markup
"Compact Information Systems, LLC",marketing,https://deepsync.com/privacy-policy/,"Privacy notice or privacy-policy page. Use the state-rights, do-not-sell, or request section.",deepsync.com,200,markup
"Comscore, Inc.",marketing,https://www.comscore.com/About/Privacy-Policy,"Privacy notice or privacy-policy page. Use the state-rights, do-not-sell, or request section. The Markup and CalMatters (2025) found page code that hid this URL from search engines.",comscore.com,200,markup
"Converge Direct, LLC",marketing,https://www.convergemarketing.com/compliance/,Opt-out or consumer privacy-request page.,convergemarketing.com,200,markup
Data Axle (InfoUSA),marketing,https://www.data-axle.com/do-not-sell-my-data/,Web privacy rights form. Email: privacyteam@data-axle.com. Open-dataset difficulty: easy. Automated check on 2026-10-01 got HTTP 403. Open the link in a browser.,data-axle.com,403,persprotect;markup
"Demandbase, Inc.",marketing,https://www.demandbase.com/privacy-center.html?ketch_preferences_tab=rightsTab,Opt-out or consumer privacy-request page.,demandbase.com,200,markup
"Dun & Bradstreet, Inc.",marketing,https://submit-irm.trustarc.eu/services/validation/ba81b98f-997d-4216-b4cc-d64cf261b082,Opt-out or consumer privacy-request page.,submit-irm.trustarc.eu,200,markup
Epsilon,marketing,https://legal.epsilon.com/dsr/,Data-subject request form for Epsilon marketing data. Related domains using this form: legal.epsilon.com.,epsilon.com,200,persprotect
Eyeota Pte Ltd,marketing,https://www.eyeota.com/how-to-opt-out,Opt-out or consumer privacy-request page.,eyeota.com,200,markup
"First Direct, Inc.",marketing,https://compliance.firstdirectmarketing.com/,Published opt-out URL is the site root. Confirm a request form is on the page before sending information.,compliance.firstdirectmarketing.com,200,markup
Grassroots Analytics,marketing,https://www.grassrootsanalytics.com/california-consumer-privacy-act-ccpa,Opt-out or consumer privacy-request page.,grassrootsanalytics.com,200,markup
"Hunter Web Services, Inc.",marketing,https://hunter.io/privacy-policy,"Privacy notice or privacy-policy page. Use the state-rights, do-not-sell, or request section.",hunter.io,200,markup
"Integrated Direct Marketing, LLC",marketing,https://www.idm.us.com/do-not-sell-my-personal-information/,Opt-out or consumer privacy-request page. The Markup and CalMatters (2025) found page code that hid this URL from search engines.,idm.us.com,200,markup
"J2 Global Canada, Inc.",marketing,https://www.fullcontact.com/privacy/privacy-policy/,"Privacy notice or privacy-policy page. Use the state-rights, do-not-sell, or request section. Automated check on 2026-10-01 got HTTP 403. Open the link in a browser.",fullcontact.com,403,markup
"Lionshare Marketing, Inc",marketing,https://www.lionsharemarketing.com/privacy-policy/,"Privacy notice or privacy-policy page. Use the state-rights, do-not-sell, or request section.",lionsharemarketing.com,200,markup
LiveIntent,marketing,https://privacy.liveintent.com/,Published opt-out URL is the site root. Confirm a request form is on the page before sending information.,privacy.liveintent.com,200,markup
LiveRamp,marketing,https://liveramp.com/privacy/my-privacy-choices/,LiveRamp consumer privacy-choices page.,liveramp.com,200,persprotect;markup
Lotame,marketing,https://www.lotame.com/about-lotame/privacy/lotames-opt-out/,Opt-out or consumer privacy-request page. Automated check on 2026-10-01 got HTTP 403. Open the link in a browser.,lotame.com,403,persprotect;markup
"Lusha Systems, Inc.",marketing,https://www.lusha.com/legal/ccpa/,Opt-out or consumer privacy-request page.,lusha.com,200,markup
Magnite Inc,marketing,https://www.magnite.com/legal/user-choice-portal/,Opt-out or consumer privacy-request page. Automated check on 2026-10-01 got HTTP 403. Open the link in a browser.,magnite.com,403,markup
"Media.net Advertising FZ, LLC",marketing,https://www.media.net/privacy-policy/,"Privacy notice or privacy-policy page. Use the state-rights, do-not-sell, or request section.",media.net,200,markup
Melissa,marketing,https://apps.melissa.com/user/consumerprivacy.aspx,Opt-out or consumer privacy-request page. Email: consumerrequest@melissa.com.,melissa.com,200,persprotect;markup
Merkle (Dentsu),marketing,https://www.merkle.com/en/privacy-policy/data-product-privacy-notice/control-your-personal-information.html,"Privacy notice or privacy-policy page. Use the state-rights, do-not-sell, or request section. Email: americas.dpo@dentsu.com.",merkle.com,200,persprotect;markup
Neustar (TransUnion),marketing,https://privacychoices.home.neustar/,TransUnion/Neustar privacy-choices page for marketing and identity data. A credit freeze is separate. Automated check on 2026-10-01 got HTTP 403. Open the link in a browser.,neustar.com,403,persprotect
"NeuStar, Inc.",marketing,https://privacychoices.home.neustar/?t=#/login,Published opt-out URL is the site root. Confirm a request form is on the page before sending information. Automated check on 2026-10-01 got HTTP 403. Open the link in a browser.,privacychoices.home.neustar,403,markup
"Next Wave Marketing Strategies, Inc",marketing,https://agedleadstore.com/privacy-policy/,"Privacy notice or privacy-policy page. Use the state-rights, do-not-sell, or request section.",agedleadstore.com,200,markup
Nielsen,marketing,https://sites.nielsen.com/legal/privacy-statement/exelate-privacy-policy/opt-in-opt-out/,"Privacy notice or privacy-policy page. Use the state-rights, do-not-sell, or request section. Email: privacy.department@nielsen.com.",nielsen.com,200,persprotect;markup
OnAudience LTD,marketing,https://onaudience.com/internet-advertising-privacy-policy/,"Privacy notice or privacy-policy page. Use the state-rights, do-not-sell, or request section.",onaudience.com,200,markup
Online Advertising Network sp. z o.o.,marketing,https://oan.pl/internet-advertising-privacy-policy/,"Privacy notice or privacy-policy page. Use the state-rights, do-not-sell, or request section.",oan.pl,200,markup
"OpenX Technologies, Inc.",marketing,https://www.openx.com/privacy-center/ad-exchange-privacy-policy/,"Privacy notice or privacy-policy page. Use the state-rights, do-not-sell, or request section. Automated check on 2026-10-01 got HTTP 403. Open the link in a browser.",openx.com,403,markup
Oracle (Data Cloud / BlueKai),marketing,https://www.oracle.com/legal/privacy/privacy-choices/,"Oracle privacy choices. The old Data Cloud / BlueKai cookie opt-out (datacloudoptout.oracle.com) now redirects to an advertising end-of-life contracts page. Oracle Advertising shut down on September 30, 2024.",oracle.com,200,manual
"Paramount Lists, Inc.",marketing,https://www.paramountdirectmarketing.com/privacy-policy.php,"Privacy notice or privacy-policy page. Use the state-rights, do-not-sell, or request section.",paramountdirectmarketing.com,200,markup
"People Data Labs, Inc.",marketing,https://privacy.peopledatalabs.com/policies?name=privacy-center#people-data-labs-privacy-center,Opt-out or consumer privacy-request page.,privacy.peopledatalabs.com,200,markup
PubMatic. Inc.,marketing,https://pubmatic.com/legal/ccpa-privacy-policy/,"Privacy notice or privacy-policy page. Use the state-rights, do-not-sell, or request section.",pubmatic.com,200,markup
RocketReach LLC,marketing,https://rocketreach.co/privacy,Opt-out or consumer privacy-request page.,rocketreach.co,200,markup
"Seamless Contacts, Inc.",marketing,https://login.seamless.ai/personalDataRequest,Opt-out or consumer privacy-request page. Automated check on 2026-10-01 got HTTP 403. Open the link in a browser.,login.seamless.ai,403,markup
"Sovrn, Inc.",marketing,https://www.sovrn.com/privacy-policy/policy-center/,"Privacy notice or privacy-policy page. Use the state-rights, do-not-sell, or request section. Automated check on 2026-10-01 got HTTP 403. Open the link in a browser.",sovrn.com,403,markup
Speedeon Data LLC,marketing,https://speedeondata.com/privacy-policy/,"Privacy notice or privacy-policy page. Use the state-rights, do-not-sell, or request section.",speedeondata.com,200,markup
Statara Solutions LLC,marketing,https://statara.com/privacy/,Opt-out or consumer privacy-request page. Automated check on 2026-10-01 got HTTP 403. Open the link in a browser.,statara.com,403,markup
"Stirista, LLC",marketing,https://www.stirista.com/privacy-policy/,"Privacy notice or privacy-policy page. Use the state-rights, do-not-sell, or request section.",stirista.com,200,markup
"Taboola, Inc.",marketing,https://accessrequest.taboola.com/access,Opt-out or consumer privacy-request page.,accessrequest.taboola.com,200,markup
"Tapad, Inc.",marketing,https://crportal.tapad.com/#/,Published opt-out URL is the site root. Confirm a request form is on the page before sending information.,crportal.tapad.com,200,markup
Teads Holding Co.,marketing,https://dsr.outbrain.com/recommendations-settings/home/en,Opt-out or consumer privacy-request page.,my.outbrain.com,200,markup
"TechTarget, Inc.",marketing,https://www.informatechtarget.com/ccpa-privacy-notice/,"Privacy notice or privacy-policy page. Use the state-rights, do-not-sell, or request section. Automated check on 2026-10-01 got HTTP 403. Open the link in a browser.",techtarget.com,403,markup
"TowerData, Inc.",marketing,https://www.towerdata.com/ccpa-form,Opt-out or consumer privacy-request page. Email: privacy@towerdata.com. Automated check on 2026-10-01 got HTTP 403. Open the link in a browser.,towerdata.com,403,persprotect
Versium Analytics Inc.,marketing,https://versium.com/ccpa-privacy-policy,"Privacy notice or privacy-policy page. Use the state-rights, do-not-sell, or request section. Automated check on 2026-10-01 got HTTP 429. Open the link in a browser.",versium.com,429,markup
Virtual Marketing LLC,marketing,https://www.fusion92.com/privacy-policy,"Privacy notice or privacy-policy page. Use the state-rights, do-not-sell, or request section. Automated check on 2026-10-01 got HTTP 429. Open the link in a browser.",fusion92.com,429,markup
"Wiland, Inc.",marketing,https://wiland.com/privacy-choices/,Opt-out or consumer privacy-request page.,wiland.com,200,markup
ZenLeads Inc.,marketing,https://www.apollo.io/company/privacy-center,Opt-out or consumer privacy-request page.,apollo.io,200,markup
"ZoomInfo Technologies, LLC",marketing,https://privacyrequest.zoominfo.com/remove/verify,Removal verification form. ZoomInfo is mostly business-contact data and usually emails a code to an address already on the profile. Trust center: https://www.zoominfo.com/trust-center/your-privacy. Automated check on 2026-10-01 got HTTP 403. Open the link in a browser.,zoominfo.com,403,markup;manual
24Counter,other,https://24counter.com/opt-out/,Opt-out or consumer privacy-request page.,24counter.com,200,persprotect
33 Mile Radius LLC,other,https://www.33mileradius.com/privacy-policy/,"Privacy notice or privacy-policy page. Use the state-rights, do-not-sell, or request section. Automated check on 2026-10-01 got HTTP 403. Open the link in a browser.",33mileradius.com,403,markup
"33Across, Inc.",other,https://33across.com/privacy-policy/ccpa-notice/,"Privacy notice or privacy-policy page. Use the state-rights, do-not-sell, or request section. Automated check on 2026-10-01 got HTTP 403. Open the link in a browser.",33across.com,403,markup
360 Media Direct,other,https://360-media-direct.privacy.saymine.io/360_Media_Direct,Opt-out or consumer privacy-request page.,360-media-direct.privacy.saymine.io,200,markup
"5X5 US, LLC",other,https://5x5data.com/dsr-out/,Opt-out or consumer privacy-request page. The Markup and CalMatters (2025) found page code that hid this URL from search engines. Automated check on 2026-10-01 got HTTP 403. Open the link in a browser.,5x5coop.com,403,markup
"Above Data, Inc.",other,https://www.abovedata.io/privacy-policy/,"Privacy notice or privacy-policy page. Use the state-rights, do-not-sell, or request section.",abovedata.io,200,markup
"ACH, Address Clearing House",other,https://www.achcoop.com/privacy-policy,"Privacy notice or privacy-policy page. Use the state-rights, do-not-sell, or request section.",achcoop.com,200,markup
"Adept ID, Inc.",other,https://www.adept-id.com/privacy-policy/,"Privacy notice or privacy-policy page. Use the state-rights, do-not-sell, or request section. Automated check on 2026-10-01 got HTTP 403. Open the link in a browser.",adept-id.com,403,markup
Affinity Answers Corporation,other,https://www.affinityanswers.com/your-privacy-choices/,Opt-out or consumer privacy-request page. Automated check on 2026-10-01 got HTTP 403. Open the link in a browser.,affinityanswers.com,403,markup
Affinity Solutions,other,https://www.affinity.solutions/data-privacy-notice/,"Privacy notice or privacy-policy page. Use the state-rights, do-not-sell, or request section.",affinity.solutions,200,markup
"Aidentified, Inc.",other,https://www.aidentified.com/privacy--policy,Opt-out or consumer privacy-request page.,aidentified.com,200,markup
Airlines Reporting Corporation,other,https://www2.arccorp.com/site-privacy-policy/,"Privacy notice or privacy-policy page. Use the state-rights, do-not-sell, or request section.",www2.arccorp.com,200,markup
"All Good Media, LLC",other,https://www.attribits.com/do-not-sell,Opt-out or consumer privacy-request page.,attribits.com,200,markup
AllAreaCodes,other,https://www.allareacodes.com/remove_name.htm,Opt-out or consumer privacy-request page. Automated check on 2026-10-01 got HTTP 403. Open the link in a browser.,allareacodes.com,403,persprotect
Alliant,other,https://privacyportal-cdn.onetrust.com/dsarwebform/591ac1c1-3a1e-496f-9e43-ff4afb5fef85/2b52262e-8ada-4725-b86e-e4b960336f96.html,Web opt-out + email/phone. Email: compliance@alliantdata.com. Open-dataset difficulty: moderate.,alliantinsight.com,200,persprotect;markup
Alphonso Inc.,other,https://alphonso.tv/privacy/,Opt-out or consumer privacy-request page. Automated check on 2026-10-01 got HTTP 403. Open the link in a browser.,alphonso.tv,403,markup
"Altrata, Inc.",other,https://altrata.com/online-privacy-notice,"Privacy notice or privacy-policy page. Use the state-rights, do-not-sell, or request section. Automated check on 2026-10-01 got HTTP 403. Open the link in a browser.",altrata.com,403,markup
"Amedisys, Inc.",other,https://cdn.amedisys.com/userfiles/CCPA%20Request%20Form.pdf,Opt-out or consumer privacy-request page. Email: privacy@amedisys.com.,amedisys.com,200,persprotect
American City Business Journals. Inc.,other,https://www.acbj.com/privacy,Opt-out or consumer privacy-request page. Automated check on 2026-10-01 got HTTP 403. Open the link in a browser.,acbj.com,403,markup
"AnalyticsIQ, Inc.",other,https://anteriad.com/privacy-center,Opt-out or consumer privacy-request page.,privacyportal.onetrust.com,200,markup
Anchor Computer Inc.,other,https://www.anchorcomputer.com/privacy-policy/,"Privacy notice or privacy-policy page. Use the state-rights, do-not-sell, or request section.",anchorcomputer.com,200,markup
"Anne Lewis Strategies, LLC",other,https://missionwired.com/privacy-policy/#caprivacy,"Privacy notice or privacy-policy page. Use the state-rights, do-not-sell, or request section. Automated check on 2026-10-01 got HTTP 403. Open the link in a browser.",missionwired.com,403,markup
"Apollo Interactive, LLC",other,https://www.apollointeractive.com/privacy-policy.php,"Privacy notice or privacy-policy page. Use the state-rights, do-not-sell, or request section. The Markup and CalMatters (2025) found page code that hid this URL from search engines.",apollointeractive.com,200,markup
AppScience,other,https://www.appscience.ai/privacy-policy,"Privacy notice or privacy-policy page. Use the state-rights, do-not-sell, or request section.",appscience.ai,200,markup
"Aristotle International, Inc.",other,https://www.aristotle.com/privacy/addendum-for-california-residents/,Opt-out or consumer privacy-request page. Automated check on 2026-10-01 got HTTP 403. Open the link in a browser.,aristotle.com,403,markup
Arivify (property data),other,https://www.arivify.com/removal,Opt-out or consumer privacy-request page. Automated check on 2026-10-01 got HTTP 403. Open the link in a browser.,arivify.com,403,persprotect
"Asset International, Inc.",other,https://www.issgovernance.com/privacy-legal/ccpa/,Opt-out or consumer privacy-request page. Automated check on 2026-10-01 got HTTP 403. Open the link in a browser.,issgovernance.com,403,markup
"AutoWeb, Inc.",other,https://www.autoweb.com/privacy,Opt-out or consumer privacy-request page.,autoweb.com,200,markup
"AWL Holdings, LLC",other,https://awl.com/privacy/,Opt-out or consumer privacy-request page. Automated check on 2026-10-01 got HTTP 403. Open the link in a browser.,awl.com,403,markup
Azerion US Inc.,other,https://www.hybridtheory.com/privacy-notice/,"Privacy notice or privacy-policy page. Use the state-rights, do-not-sell, or request section.",hybridtheory.com,200,markup
Azira LLC,other,https://azira.com/privacy-policy,"Privacy notice or privacy-policy page. Use the state-rights, do-not-sell, or request section.",azira.com,200,markup
B.I Science (2009) Ltd,other,https://www.biscience.com/ccpa/,Opt-out or consumer privacy-request page.,biscience.com,200,markup
BB Direct Inc,other,https://www.bbdirect.com/about/privacy-compliance.html,Opt-out or consumer privacy-request page.,bbdirect.com,200,markup
"BDEX, LLC",other,https://www.bdex.com/privacy-policy/,"Privacy notice or privacy-policy page. Use the state-rights, do-not-sell, or request section.",bdex.com,200,markup
"BDO GCI, LLC (f.k.a. BDO USA, P.C., Global Corporate Intelligence group)",other,https://www.bdo.com/privacy-policy,"Privacy notice or privacy-policy page. Use the state-rights, do-not-sell, or request section.",bdo.com,200,markup
Beeswax,other,https://www.beeswax.com/privacy/#what-information,Opt-out or consumer privacy-request page.,beeswax.com,200,markup
Belardi Ostroy,other,https://belardiwong.com/privacy-policy/,"Privacy notice or privacy-policy page. Use the state-rights, do-not-sell, or request section.",belardiwong.com,200,markup
"Best Pick Reports, LLC",other,https://www.bestpickreports.com/content/privacy-policy,"Privacy notice or privacy-policy page. Use the state-rights, do-not-sell, or request section.",bestpickreports.com,200,markup
Black Pearl Group Limited,other,https://www.blackpearl.com/privacy-policy,"Privacy notice or privacy-policy page. Use the state-rights, do-not-sell, or request section.",blackpearl.com,200,markup
"Blackbaud, Inc",other,https://www.blackbaud.com/company/data-subject-rights-request,Opt-out or consumer privacy-request page.,blackbaud.com,200,markup
Blis Global Ltd,other,https://blis.com/privacy-centre/,Opt-out or consumer privacy-request page. Automated check on 2026-10-01 got HTTP 403. Open the link in a browser.,blis.com,403,markup
"Bridg, a division of Cardlytics, Inc.",other,https://www.bridg.com/privacy-policy,"Privacy notice or privacy-policy page. Use the state-rights, do-not-sell, or request section.",bridg.com,200,markup
"Buildertrend Solutions, Inc.",other,https://buildertrend.com/additional-state-disclosures/,Opt-out or consumer privacy-request page. Automated check on 2026-10-01 got HTTP 403. Open the link in a browser.,buildertrend.com,403,markup
Buyerlink Inc.,other,https://www.buyerlink.co/privacy,Opt-out or consumer privacy-request page.,buyerlink.com,200,markup
BV Insights LLC,other,https://big-village.com/do-not-sell-or-share-my-personal-information/,Opt-out or consumer privacy-request page.,big-village.com,200,markup
"Cadent, LLC",other,https://www.cadent.com/your-privacy-choices,Opt-out or consumer privacy-request page.,cadent.tv,200,markup
CallApp Software Ltd.,other,https://callapp.com/support/can-i-wipe-my-information-from-callapp-2,Opt-out or consumer privacy-request page. Email: support@callapp.com.,callapp.com,200,persprotect
CallerSmart,other,https://www.callersmart.com/data,Opt-out or consumer privacy-request page. Email: feedback@callersmart.com. Automated check on 2026-10-01 got HTTP 403. Open the link in a browser.,callersmart.com,403,persprotect
Captify Technologies,other,https://captifytechnologies.com/data-subject-rights-request/,Opt-out or consumer privacy-request page. Automated check on 2026-10-01 got HTTP 403. Open the link in a browser.,captifytechnologies.com,403,markup
Carry Technologies Inc.,other,https://preferences.hightouch.com/,Published opt-out URL is the site root. Confirm a request form is on the page before sending information.,hightouch.com,200,markup
"CDK Global, LLC",other,https://www.cdkglobal.com/privacy-policy,"Privacy notice or privacy-policy page. Use the state-rights, do-not-sell, or request section.",cdkglobal.com,200,markup
"Cengage Learning, Inc.",other,https://www.cengagegroup.com/privacy/,Opt-out or consumer privacy-request page.,cengagegroup.com,200,markup
"Censia, In.",other,https://www.censia.com/ccpa/,Opt-out or consumer privacy-request page. Automated check on 2026-10-01 got HTTP 403. Open the link in a browser.,censia.com,403,markup
CheckSecrets (Truth Now LLC),other,https://www.checksecrets.com/optOut/name/landing,Online form + email verification. Open-dataset difficulty: easy.,checksecrets.com,200,persprotect;markup
Choreograph LLP,other,https://www.choreograph.com/ccpa,Opt-out or consumer privacy-request page.,choreograph.com,200,markup
"Cision US, Inc",other,https://privacyportal-uk.onetrust.com/webform/d2cb5e2f-e4f8-4ada-be9f-38f2e699fd45/3216c7cb-cf10-465b-84f8-867628ba5273,Opt-out or consumer privacy-request page.,privacyportal-uk.onetrust.com,200,markup
City-Data.com,other,https://www.city-data.com/delrequest/form.php,Opt-out or consumer privacy-request page. Email: others@city-data.com.,city-data.com,200,persprotect
"Civis Analytics, Inc.",other,https://www.civisanalytics.com/legal-pages/privacy-policy,"Privacy notice or privacy-policy page. Use the state-rights, do-not-sell, or request section. The Markup and CalMatters (2025) found page code that hid this URL from search engines.",civisanalytics.com,200,markup
"Clay Labs, Inc",other,https://privacy.clay.com/policies,Opt-out or consumer privacy-request page.,privacy.clay.com,200,markup
"ClearCompany, LLC",other,https://www.clearcompany.com/privacy-policy/,"Privacy notice or privacy-policy page. Use the state-rights, do-not-sell, or request section.",clearcompany.com,200,markup
"Clearview AI, Inc.",other,https://www.clearview.ai/privacy-and-requests,Opt-out or consumer privacy-request page.,clearview.ai,200,markup
Clickagy LLC,other,https://www.clickagy.com/privacy-center/,Opt-out or consumer privacy-request page.,clickagy.com,200,markup
"CO2 Ventures, LLC",other,https://oncoreleads.com/california-privacy-rights/,Opt-out or consumer privacy-request page.,oncoreleads.com,200,markup
Collective Data Solutions,other,https://www.collectivedata.io/website-visitor-privacy-policy/,"Privacy notice or privacy-policy page. Use the state-rights, do-not-sell, or request section.",collectivedata.io,200,markup
ColoradoResidentDirectory,other,https://www.coloradoresidentdirectory.com/opt-out,Opt-out or consumer privacy-request page.,coloradoresidentdirectory.com,200,persprotect
"Command Precision, Inc.",other,https://persistent.id/privacy-policy,"Privacy notice or privacy-policy page. Use the state-rights, do-not-sell, or request section.",persistent.id,200,markup
"Commercial Real Estate Exchange, Inc.",other,https://www.crexi.com/privacy,Opt-out or consumer privacy-request page. Automated check on 2026-10-01 got HTTP 403. Open the link in a browser.,crexi.com,403,markup
"Complete Medical Lists, Inc.",other,https://www.completemedicallists.com/privacy.php,Opt-out or consumer privacy-request page.,completemedicallists.com,200,markup
"Connected Investors, LLC",other,https://connectedinvestors.com/content/privacy-policy,"Privacy notice or privacy-policy page. Use the state-rights, do-not-sell, or request section.",connectedinvestors.com,200,markup
Connecticut Resident Directory,other,https://www.connecticutresidentdirectory.com/opt-out,Opt-out or consumer privacy-request page. Automated check on 2026-10-01 got HTTP 403. Open the link in a browser.,connecticutresidentdirectory.com,403,persprotect
"Connext Digital, LLC",other,https://connextdigital.com/ccpa/,Opt-out or consumer privacy-request page.,connextdigital.com,200,markup
"Convex Labs, Inc.",other,https://www.convex.com/privacy-policy,"Privacy notice or privacy-policy page. Use the state-rights, do-not-sell, or request section.",convex.com,200,markup
CorporationWiki,other,https://www.corporationwiki.com/profiles/public,Online form + email verification. Open-dataset difficulty: easy.,corporationwiki.com,200,persprotect
CoStar Group,other,https://www.costar.com/about/privacy-notice,"Privacy notice or privacy-policy page. Use the state-rights, do-not-sell, or request section. Automated check on 2026-10-01 got HTTP 403. Open the link in a browser.",costar.com,403,markup
Crimson Hexagon,other,https://www.brandwatch.com/confirmation/legal-data/,Opt-out or consumer privacy-request page.,brandwatch.com,200,markup
CRISIL Irevna US LLC,other,https://www.crisil.com/content/crisilcom/en/home/crisil-privacy-notice.html,"Privacy notice or privacy-policy page. Use the state-rights, do-not-sell, or request section.",crisil.com,200,markup
"Cross Pixel Media, Inc.",other,https://privacy.crsspxl.com/optout,Opt-out or consumer privacy-request page.,privacy.crsspxl.com,200,markup
"Crunchbase, Inc.",other,https://preferences.crunchbase.com/form/opt_out,Opt-out or consumer privacy-request page.,preferences.crunchbase.com,200,markup
CTAM LeadShare Corp.,other,https://www.smartmove.us/company/privacy,Opt-out or consumer privacy-request page.,smartmove.us,200,markup
"Cuebiq Group, LLC",other,https://cuebiq.com/privacy-policy/,"Privacy notice or privacy-policy page. Use the state-rights, do-not-sell, or request section.",cuebiq.com,200,markup
"Data Decisions Group, LLC",other,https://datadecisionsgroup.com/privacy-policy/,"Privacy notice or privacy-policy page. Use the state-rights, do-not-sell, or request section.",datadecisionsgroup.com,200,markup
Data Partners Inc.,other,https://datapartners.com/donotsellmyinformation/,Opt-out or consumer privacy-request page.,datapartners.com,200,markup
Data Trust,other,https://thedatatrust.com/do-not-sell-my-personal-information/,Opt-out or consumer privacy-request page. Email: info@thedatatrust.com.,thedatatrust.com,200,persprotect;markup
DataDelivers LLC,other,https://datadelivers.com/privacy-policy/,"Privacy notice or privacy-policy page. Use the state-rights, do-not-sell, or request section.",datadelivers.com,200,markup
Datafy LLC,other,https://www.datafy.com/opt-out,Opt-out or consumer privacy-request page.,datafy.com,200,markup
"Datamentors, LLC",other,https://porchgroupmedia.com/privacy-policy/,"Privacy notice or privacy-policy page. Use the state-rights, do-not-sell, or request section.",porchgroupmedia.com,200,markup
Datanyze LLC,other,https://www.datanyze.com/privacy-center,Opt-out or consumer privacy-request page. Automated check on 2026-10-01 got HTTP 403. Open the link in a browser.,datanyze.com,403,markup
Dataskip,other,https://dataskip.io/product/start-order/,Opt-out or consumer privacy-request page.,dataskip.io,200,markup
"Datasys Group, Inc.",other,https://datasys.com/privacy-policy,"Privacy notice or privacy-policy page. Use the state-rights, do-not-sell, or request section.",datasys.com,200,markup
DATONICS LLC,other,https://www.datonics.com/privacy/privacy-choices,Opt-out or consumer privacy-request page.,datonics.com,200,markup
DealerDirect LLC,other,https://www.forddirect.com/privacy,Opt-out or consumer privacy-request page.,forddirectprivacy.com,200,markup
"DealerSocket, LLC",other,https://dealersocket.com/privacy-policy/,"Privacy notice or privacy-policy page. Use the state-rights, do-not-sell, or request section. Automated check on 2026-10-01 got HTTP 403. Open the link in a browser.",dealersocket.com,403,markup
DealerX Partners LLC,other,https://dealerx.com/privacy-options/,Opt-out or consumer privacy-request page. The Markup and CalMatters (2025) found page code that hid this URL from search engines.,dealerx.com,200,markup
"Decide Technologies, Inc.",other,https://decide.co/privacy,Opt-out or consumer privacy-request page.,decide.co,200,markup
DecisionLinks,other,https://www.decisionlinks.com/get-in-touch,Opt-out or consumer privacy-request page.,decisionlinks.com,200,markup
"Deep Root Analytics, LLC",other,https://www.deeprootanalytics.com/privacy-policy,"Privacy notice or privacy-policy page. Use the state-rights, do-not-sell, or request section.",deeprootanalytics.com,200,markup
Definitive Healthcare LLC,other,https://www.definitivehc.com/privacy-center,Opt-out or consumer privacy-request page.,definitivehc.com,200,markup
Delivr.ai Inc,other,https://dsrp.pii.ai/p/7886d230-6f28-42d6-ba95-7d141f0a6520/submit.html,Opt-out or consumer privacy-request page.,dsrp.pii.ai,200,markup
Deloitte Consulting LLP,other,https://www.deloitte.com/us/en/legal/privacy/predictrisk-privacy-notice.html,"Privacy notice or privacy-policy page. Use the state-rights, do-not-sell, or request section.",www2.deloitte.com,200,markup
"Demand Science US, LLC",other,https://demandscience.com/privacy-policy/,"Privacy notice or privacy-policy page. Use the state-rights, do-not-sell, or request section. Automated check on 2026-10-01 got HTTP 403. Open the link in a browser.",demandscience.com,403,markup
"Demyst Data, Ltd",other,https://www.demyst.com/privacy-policy,"Privacy notice or privacy-policy page. Use the state-rights, do-not-sell, or request section.",demyst.com,200,markup
DexKnows.com (Thryv),other,https://privacyportal-cdn.onetrust.com/dsarwebform/dd6500c7-03cb-45b0-8bed-97ece55a892d/cfcefb69-41db-4aee-bd00-c702df72ee0f.html,Opt-out or consumer privacy-request page. Email: clientcareemail@thryv.com. Automated check on 2026-10-01 got HTTP 403. Open the link in a browser.,dexknows.com,403,persprotect
Diablo Media,other,https://diablomedia.com/privacy-request/,Opt-out or consumer privacy-request page.,diablomedia.com,200,markup
"Dice Career Solutions, Inc.",other,https://www.dice.com/about/ccpa,Opt-out or consumer privacy-request page.,dice.com,200,markup
"Digital Media Solutions, LLC",other,https://dms-privacy.my.onetrust.com/webform/506f8b15-11ff-4f18-95fa-48ff903e623f/4268d0f0-bd98-4afb-b33a-a7a922ae182a,Opt-out or consumer privacy-request page.,dmsunsub.io,200,markup
Digital Viking Media Inc,other,https://www.digitalvikingmedia.com/privacy-policy,"Privacy notice or privacy-policy page. Use the state-rights, do-not-sell, or request section. The Markup and CalMatters (2025) found page code that hid this URL from search engines.",digitalvikingmedia.com,200,markup
Disco Technology Inc.,other,https://www.disconetwork.com/privacy-policy,"Privacy notice or privacy-policy page. Use the state-rights, do-not-sell, or request section.",disconetwork.com,200,markup
"Disqus, Inc.",other,https://disqus.com/data-sharing-settings/,Opt-out or consumer privacy-request page.,disqus.com,200,markup
DOBSearch,other,https://www.dobsearch.com/people-finder/,Web form. Open-dataset difficulty: easy.,dobsearch.com,200,persprotect
Drunk Drivers,other,https://drunkdrivers.org/remove-my-info/,Opt-out or consumer privacy-request page. Email: drunkdrivers.org@aol.com.,drunkdrivers.org,200,persprotect
"DSPolitical, LLC",other,https://www.winwithoptimal.com/privacy-policy/,"Privacy notice or privacy-policy page. Use the state-rights, do-not-sell, or request section.",winwithoptimal.com,200,markup
"Dstillery, Inc",other,https://dstillery.com/privacy-policy/,"Privacy notice or privacy-policy page. Use the state-rights, do-not-sell, or request section. Automated check on 2026-10-01 got HTTP 403. Open the link in a browser.",dstillery.com,403,markup
"DTN, LLC",other,https://www.dtn.com/do-not-sell-my-information-form/,Opt-out or consumer privacy-request page. The Markup and CalMatters (2025) found page code that hid this URL from search engines. Automated check on 2026-10-01 got HTTP 403. Open the link in a browser.,dtn.com,403,markup
"e.Republic, LLC",other,https://www.erepublic.com/privacy/,Opt-out or consumer privacy-request page.,erepublic.com,200,markup
"EAB Global, Inc.",other,https://eab.app.box.com/s/ig1xoav1pag3q3af1k812bdthzfyhcwn,Opt-out or consumer privacy-request page.,eab.com,200,markup
"Economic Modeling, LLC",other,https://lightcast.io/privacy-policy,"Privacy notice or privacy-policy page. Use the state-rights, do-not-sell, or request section.",lightcast.io,200,markup
"Edvisors Network, Inc.",other,https://www.edvisors.com/delete-request/,Opt-out or consumer privacy-request page.,edvisors.com,200,markup
"Effyis, Inc.",other,https://www.socialgist.ai/privacy-and-terms,Opt-out or consumer privacy-request page.,socialgist.com,200,markup
"Ekata, Inc.",other,https://ekata.com/privacy-policy/,"Privacy notice or privacy-policy page. Use the state-rights, do-not-sell, or request section. Automated check on 2026-10-01 got HTTP 403. Open the link in a browser.",ekata.com,403,markup
"EL TORO.COM, LLC",other,https://eltoro.com/your-privacy-choices/,Opt-out or consumer privacy-request page.,eltoro.com,200,markup
"Electronic Voice Services, Inc.",other,https://www.evs7.com/privacy-notice-for-residents-of-california,"Privacy notice or privacy-policy page. Use the state-rights, do-not-sell, or request section. Automated check on 2026-10-01 got HTTP 403. Open the link in a browser.",evs7.com,403,markup
"Endgame Labs, Inc",other,https://www.endgame.io/privacy,Opt-out or consumer privacy-request page.,endgame.io,200,markup
Enformion LLC,other,https://www.enformion.com/privacy-policy/,"Privacy notice or privacy-policy page. Use the state-rights, do-not-sell, or request section. Automated check on 2026-10-01 got HTTP 403. Open the link in a browser.",enformion.com,403,markup
"Enigma Technologies, Inc.",other,https://www.enigma.com/company/privacy-policy,"Privacy notice or privacy-policy page. Use the state-rights, do-not-sell, or request section.",enigma.com,200,markup
EproDirect LLC,other,https://www.eprodirect.com/do-not-sell-my-personal-information/,Opt-out or consumer privacy-request page.,eprodirect.com,200,markup
Evorra Ltd,other,https://evorra.com/privacy-data-policies/product-privacy-policy/,"Privacy notice or privacy-policy page. Use the state-rights, do-not-sell, or request section. Automated check on 2026-10-01 got HTTP 403. Open the link in a browser.",evorra.com,403,markup
"Exact Opco, LLC",other,https://remodelyourhome.com/PrivacyRequest.aspx,Opt-out or consumer privacy-request page.,remodelyourhome.com,200,markup
ExlService.com LLC,other,https://www.exlservice.com/privacy-policy,"Privacy notice or privacy-policy page. Use the state-rights, do-not-sell, or request section.",exlservice.com,200,markup
Explorium Inc.,other,https://www.explorium.ai/platform-privacy-policy/,"Privacy notice or privacy-policy page. Use the state-rights, do-not-sell, or request section.",explorium.ai,200,markup
FamilySearch,other,https://www.familysearch.org/en/help/helpcenter/article/how-do-i-remove-vitals-information-in-family-tree,Opt-out or consumer privacy-request page. Email: nasupport@familysearch.org.,familysearch.org,200,persprotect
Famous Birthdays LLC,other,https://www.famousbirthdays.com/privacy/,Opt-out or consumer privacy-request page.,famousbirthdays.com,200,markup
"Fandom, Inc.",other,https://itlaw.fandom.com/wiki/Opt-out,Opt-out or consumer privacy-request page. Email: support@fandom.com. Automated check on 2026-10-01 got HTTP 403. Open the link in a browser.,fandom.com,403,persprotect
"Faraday, Inc.",other,https://faraday.ai/privacy-options,Opt-out or consumer privacy-request page.,faraday.ai,200,markup
"Fideo Intelligence, Inc.",other,https://app.fideo.ai/your-privacy-choices,Opt-out or consumer privacy-request page. The Markup and CalMatters (2025) found page code that hid this URL from search engines.,app.fideo.ai,200,markup
Fifty Technology Limited,other,https://fifty.io/privacy-policy,"Privacy notice or privacy-policy page. Use the state-rights, do-not-sell, or request section.",fifty.io,200,markup
"Findem, Inc.",other,https://www.findem.ai/do-not-sell-or-share-my-personal-information,Opt-out or consumer privacy-request page. The Markup and CalMatters (2025) found page code that hid this URL from search engines.,findem.ai,200,markup
"FinThrive Healthcare, Inc.",other,https://finthrive.com/privacy-policy,"Privacy notice or privacy-policy page. Use the state-rights, do-not-sell, or request section.",finthrive.com,200,markup
First Beat Media,other,https://www.phonelookup.com/opt,Opt-out or consumer privacy-request page.,phonelookup.com,200,persprotect
FloridaParcels.com,other,https://floridaparcels.com/redaction/,Opt-out or consumer privacy-request page. Email: info@areaplot.com.,floridaparcels.com,200,persprotect
FloridaResidentsDirectory,other,https://www.floridaresidentsdirectory.com/opt-out,Online form. Open-dataset difficulty: easy. Automated check on 2026-10-01 got HTTP 403. Open the link in a browser.,floridaresidentsdirectory.com,403,persprotect
"Focus USA, Inc",other,https://www.focus-usa.com/privacy-policy/,"Privacy notice or privacy-policy page. Use the state-rights, do-not-sell, or request section.",focus-usa.com,200,markup
Foller.me,other,https://www.foller.me/do-not-sell,Opt-out or consumer privacy-request page. Email: support@foller.me.,foller.me,200,persprotect
Foo Monk LLC,other,https://instantly.ai/privacy,Opt-out or consumer privacy-request page.,instantly.ai,200,markup
"Forager.ai, LLC",other,https://www.forager.ai/privacy-policy,"Privacy notice or privacy-policy page. Use the state-rights, do-not-sell, or request section.",forager.ai,200,markup
"FOREWARN, LLC",other,https://www.forewarn.com/privacy-policy/,"Privacy notice or privacy-policy page. Use the state-rights, do-not-sell, or request section.",forewarn.com,200,markup
FourLeaf LLC,other,https://www.fourleafdata.com/privacy-policy/,"Privacy notice or privacy-policy page. Use the state-rights, do-not-sell, or request section. The Markup and CalMatters (2025) found page code that hid this URL from search engines.",fourleafdata.com,200,markup
"Foursquare Labs, Inc.",other,https://foursquare.com/legal/privacy-center/#media_and_text-v1-a322121e-92c0-497b-85ae-e6c4672842ed,Opt-out or consumer privacy-request page.,location.foursquare.com,200,markup
"FourthWall Media, Inc.",other,https://www.fourthwall.tv/donotsellorshare-fourthwall,Opt-out or consumer privacy-request page. The Markup and CalMatters (2025) found page code that hid this URL from search engines.,fourthwall.tv,200,markup
Fraiser LLC,other,https://www.fraiser.org/ccpa,Opt-out or consumer privacy-request page.,fraiser.org,200,markup
FreeWheel Media Inc,other,https://www.freewheel.com/privacy-policy#tab2_section2_6,"Privacy notice or privacy-policy page. Use the state-rights, do-not-sell, or request section. Automated check on 2026-10-01 got HTTP 403. Open the link in a browser.",freewheel.com,403,markup
General Motors LLC,other,https://www.gm.com/consumer-privacy,Opt-out or consumer privacy-request page.,gm.com,200,markup
GetEmail.io,other,https://getemail.io/privacy_policy/,Opt-out or consumer privacy-request page. Email: getemailsales@dnb.com.,getemail.io,200,persprotect
GetEmails LLC,other,https://www.retention.com/article-update-privacy-policy,"Privacy notice or privacy-policy page. Use the state-rights, do-not-sell, or request section.",retention.com,200,markup
"GetVector, Inc.",other,https://www.vector.co/legal/privacy,Opt-out or consumer privacy-request page.,vector.co,200,markup
"Giant Partners, Inc.",other,https://giantpartners.com/privacy-policy/,"Privacy notice or privacy-policy page. Use the state-rights, do-not-sell, or request section.",giantpartners.com,200,markup
Glad I Know,other,https://gladiknow.com/opt-out,Opt-out or consumer privacy-request page.,gladiknow.com,200,persprotect
GovernmentRegistry family,other,https://www.governmentregistry.org/opt-out,Opt out via parent InfoTracer + email verification. Open-dataset difficulty: moderate.,govregistry.us,200,persprotect
GovernmentRegistry.org,other,https://www.governmentregistry.org/opt-out,Online form. Email: privacy@governmentregistry.org. Open-dataset difficulty: easy.,governmentregistry.org,200,persprotect
GrayHair Software LLC,other,https://grayhairsoftware.com/privacy-policy/,"Privacy notice or privacy-policy page. Use the state-rights, do-not-sell, or request section.",grayhairsoftware.com,200,markup
Graze Social PBC,other,https://www.graze.social/privacy-policy,"Privacy notice or privacy-policy page. Use the state-rights, do-not-sell, or request section.",graze.social,200,markup
"Great Lakes List, Inc.",other,https://www.greatlakeslists.com/privacy-policy,"Privacy notice or privacy-policy page. Use the state-rights, do-not-sell, or request section.",greatlakeslists.com,200,markup
GRIN Technologies Inc.,other,https://grin.co/privacy/,Opt-out or consumer privacy-request page.,grin.co,200,markup
Growbots Inc.,other,https://www.growbots.com/do-not-sell-my-info/,Opt-out or consumer privacy-request page.,growbots.com,200,markup
"Growing Libraries, LLC",other,https://growinglibraries.com/do-not-sell,Opt-out or consumer privacy-request page.,growinglibraries.com,200,markup
"Guidestar Direct, Corp.",other,https://www.carneydirect.com/privacy-policy/,"Privacy notice or privacy-policy page. Use the state-rights, do-not-sell, or request section.",carneydirect.com,200,markup
"HealthCare, Inc., a Delaware corporation",other,https://www.healthcare.com/privacy-policy,"Privacy notice or privacy-policy page. Use the state-rights, do-not-sell, or request section.",healthcare.com,200,markup
"HealthLink Dimensions, LLC",other,https://healthlinkdimensions.com/consumerprivacyrights,Opt-out or consumer privacy-request page.,healthlinkdimensions.com,200,markup
HealthWise Data,other,https://healthwisedata.com/privacy-policy/,"Privacy notice or privacy-policy page. Use the state-rights, do-not-sell, or request section.",healthwisedata.com,200,markup
Heartbeat.AI Inc,other,https://heartbeat.ai/policy-ccpa,Opt-out or consumer privacy-request page.,heartbeat.ai,200,markup
Helix Campaigns LLC,other,https://www.helixcampaigns.com/privacy/,Opt-out or consumer privacy-request page. The Markup and CalMatters (2025) found page code that hid this URL from search engines.,helixcampaigns.com,200,markup
"HireTeamMate, Inc.",other,https://app.hireez.com/ownyourdata,Opt-out or consumer privacy-request page. Automated check on 2026-10-01 got HTTP 403. Open the link in a browser.,app.hireez.com,403,markup
Hivestack Inc.,other,https://perion.com/ccpa/,Opt-out or consumer privacy-request page. Automated check on 2026-10-01 got HTTP 403. Open the link in a browser.,hivestack.com,403,markup
"Home Contractors Review, LLC",other,https://www.fivestarrated.com/privacy-policy,"Privacy notice or privacy-policy page. Use the state-rights, do-not-sell, or request section.",fivestarrated.com,200,markup
Houston Association of REALTORS,other,https://www.har.com/question/27460_how-can-i-opt-out-of-the-zillow-listing,Opt-out or consumer privacy-request page. Email: privacy@har.com. Automated check on 2026-10-01 got HTTP 403. Open the link in a browser.,har.com,403,persprotect
"HubSpot, Inc.",other,https://legal.hubspot.com/privacy-policy,"Privacy notice or privacy-policy page. Use the state-rights, do-not-sell, or request section.",legal.hubspot.com,200,markup
Hunt Club Inc,other,https://www.exploreatlas.io/privacy,Opt-out or consumer privacy-request page.,exploreatlas.io,200,markup
"i360, LLC",other,https://www.i-360.com/ccpa/,Opt-out or consumer privacy-request page. Automated check on 2026-10-01 got HTTP 403. Open the link in a browser.,i-360.com,403,markup
ID5 Technology Ltd,other,https://id5.io/platform-privacy-policy/,"Privacy notice or privacy-policy page. Use the state-rights, do-not-sell, or request section.",id5.io,200,markup
IDG Communications Inc.,other,https://foundryco.com/idg-privacy-policy/,"Privacy notice or privacy-policy page. Use the state-rights, do-not-sell, or request section.",foundryco.com,200,markup
IDnotify,other,https://portal.idnotify.com/privacy-policy,"Privacy notice or privacy-policy page. Use the state-rights, do-not-sell, or request section. Email: memberservices@idnotify.com.",idnotify.com,200,persprotect
IDStrong,other,https://www.idstrong.com/remove-my-information/,Web form + email verification (state privacy form for CA/CO/CT/UT/VA). Email: privacy@idstrong.com. Open-dataset difficulty: moderate.,idstrong.com,200,persprotect
"iLeads.com, LLC",other,https://ileads.com/company/privacy-policy/#9,"Privacy notice or privacy-policy page. Use the state-rights, do-not-sell, or request section.",ileads.com,200,markup
Illinois Prison Talk,other,https://illinoisprisontalk.org/remove-my-info.php,Opt-out or consumer privacy-request page. Automated check on 2026-10-01 got HTTP 403. Open the link in a browser.,illinoisprisontalk.org,403,persprotect
"Inbound Insight, LLC",other,https://www.inboundinsight.com/ccpa/,Opt-out or consumer privacy-request page.,inboundinsight.com,200,markup
Indiemark LLC,other,https://blackbox.email/privacy-policy,"Privacy notice or privacy-policy page. Use the state-rights, do-not-sell, or request section.",blackbox.email,200,markup
Infinite Media Concepts Inc,other,https://mailinglists.com/about/privacy-policy/,"Privacy notice or privacy-policy page. Use the state-rights, do-not-sell, or request section.",mailinglists.com,200,markup
Infomatics LLC network (personsearchers.com),other,https://www.personsearchers.com/optOut/name/landing,Control / privacy page. Email: support@personsearchers.com. Open-dataset difficulty: easy.,personsearchers.com,200,persprotect
Infomatics LLC network (privatereports.com),other,https://www.privatereports.com/optOut/name/landingPage,Opt-out or consumer privacy-request page. Email: support@privatereports.com.,privatereports.com,200,persprotect;markup
"InfoPay, Inc",other,https://www.infopay.com/privacy,Opt-out or consumer privacy-request page.,infopay.com,200,markup
Informa USA Inc.,other,https://privacy.informa.com/policies/en/,Opt-out or consumer privacy-request page.,informa.com,200,markup
Information.com,other,https://information.com/opt-out,Opt-out or consumer privacy-request page. Email: support@information.com. The Markup and CalMatters (2025) found page code that hid this URL from search engines. Automated check on 2026-10-01 got HTTP 403. Open the link in a browser.,information.com,403,persprotect;markup
"Inmar-OIQ, LLC",other,https://www.inmar.com/about/privacy-policy,"Privacy notice or privacy-policy page. Use the state-rights, do-not-sell, or request section.",owneriq.com,200,markup
"InMarket Media, LLC",other,https://inmarket.com/privacy/,Opt-out or consumer privacy-request page. Automated check on 2026-10-01 got HTTP 403. Open the link in a browser.,inmarket.com,403,markup
"Innovative Database Solutions, Inc.",other,https://idatabasesolutions.com/ccpa/,Opt-out or consumer privacy-request page.,idatabasesolutions.com,200,markup
"Intalytics, Inc.",other,https://kalibrate.com/data-subject-access-request-form/,Opt-out or consumer privacy-request page.,kalibrate.com,200,markup
Intent IQ LLC,other,https://www.intentiq.com/opt-out/,Opt-out or consumer privacy-request page.,intentiq.com,200,markup
"Intentsify, LLC",other,https://intentsify.io/privacy-policy/,"Privacy notice or privacy-policy page. Use the state-rights, do-not-sell, or request section. Automated check on 2026-10-01 got HTTP 403. Open the link in a browser.",intentsify.io,403,markup
"Interactive Data, LLC",other,https://www.ididata.com/idis-privacy-statement/#privacy,Opt-out or consumer privacy-request page.,ididata.com,200,markup
IPQualityScore LLC,other,https://www.ipqualityscore.com/domain-reputation/optout.networkadvertising.org,Opt-out or consumer privacy-request page. Email: Support@IPQualityScore.com.,ipqualityscore.com,200,persprotect
IQVIA Digital Inc.,other,https://www.iqvia.com/about-us/privacy/ccpa/do-not-sell,Opt-out or consumer privacy-request page. The Markup and CalMatters (2025) found page code that hid this URL from search engines.,iqvia.com,200,markup
"Irys, Inc",other,https://irys.us/do-not-sell-ccpa,Opt-out or consumer privacy-request page.,irys.us,200,markup
"iSpot.tv, Inc.",other,https://www.ispot.tv/privacy,Opt-out or consumer privacy-request page.,ispot.tv,200,markup
iWave,other,https://kindsight.io/privacy-policy/,"Privacy notice or privacy-policy page. Use the state-rights, do-not-sell, or request section. Automated check on 2026-10-01 got HTTP 403. Open the link in a browser.",kindsight.io,403,markup
J.D. Power,other,https://www.jdpower.com/privacy/california,Opt-out or consumer privacy-request page. Automated check on 2026-10-01 got HTTP 403. Open the link in a browser.,jdpower.com,403,markup
Jigyasa Analytics LLC,other,https://jigyasaanalytics.com/contact-us,Opt-out or consumer privacy-request page.,jigyasaanalytics.com,200,markup
"JMR Media Consulting, Inc.",other,https://jmr-media.com/privacy,Opt-out or consumer privacy-request page.,jmr-media.com,200,markup
"Jun Group Productions, LLC",other,https://jungroup.com/optout,Opt-out or consumer privacy-request page. Automated check on 2026-10-01 got HTTP 403. Open the link in a browser.,jungroup.com,403,markup
Kargo Global LLC,other,https://www.kargo.com/ccpa,Opt-out or consumer privacy-request page.,kargo.com,200,markup
KB Synergy Inc,other,https://kbsynergy.com/privacy-policy-ccpa-do-not-sell-my-information/,"Privacy notice or privacy-policy page. Use the state-rights, do-not-sell, or request section.",kbsynergy.com,200,markup
Keyword Connects LLC,other,https://keywordconnects.com/privacy-policy/,"Privacy notice or privacy-policy page. Use the state-rights, do-not-sell, or request section.",keywordconnects.com,200,markup
Kids Live Safe,other,https://www.kidslivesafe.com/help-center/privacy-requests,Opt-out or consumer privacy-request page.,kidslivesafe.com,200,persprotect;markup
Kiwi Searches,other,https://kiwisearches.com/privacy,Opt-out or consumer privacy-request page. Email: support@kiwisearches.com. Automated check on 2026-10-01 got HTTP 403. Open the link in a browser.,kiwisearches.com,403,persprotect
"Kloudend, Inc.",other,https://ipapi.co/donotsell/,Opt-out or consumer privacy-request page. The Markup and CalMatters (2025) found page code that hid this URL from search engines. Automated check on 2026-10-01 got HTTP 403. Open the link in a browser.,ipapi.co,403,markup
"Knower Tech USA, LLC",other,https://www.rbarrel.com/opt-out,Opt-out or consumer privacy-request page.,rbarrel.com,200,markup
Koddi Inc.,other,https://koddi.com/privacy-policy/,"Privacy notice or privacy-policy page. Use the state-rights, do-not-sell, or request section. Automated check on 2026-10-01 got HTTP 403. Open the link in a browser.",koddi.com,403,markup
"Komodo Health, Inc.",other,https://www.komodohealth.com/privacy-notice/,"Privacy notice or privacy-policy page. Use the state-rights, do-not-sell, or request section. Automated check on 2026-10-01 got HTTP 403. Open the link in a browser.",komodohealth.com,403,markup
Kontext Data,other,https://kontextdata.com/privacy,Opt-out or consumer privacy-request page.,kontextdata.com,200,markup
L.S Mobile Apps Holdings Ltd,other,https://www.lsmapps.com/privacy-center,Opt-out or consumer privacy-request page. The Markup and CalMatters (2025) found page code that hid this URL from search engines.,lsmapps.com,200,markup
"Labels & Lists, Inc",other,https://www.l2-data.com/california-privacy-rights-for-california-residents-only/,Opt-out or consumer privacy-request page.,l2-data.com,200,markup
"Lead Me Media, LLC",other,https://policy.leadmemedia.com/States/privacyrequestform.html,Opt-out or consumer privacy-request page.,policy.leadmemedia.com,200,markup
LeadCrunch,other,https://getrev.ai/privacy-policy/#notice-to-residents-of-california,"Privacy notice or privacy-policy page. Use the state-rights, do-not-sell, or request section.",getrev.ai,200,markup
"LeadIQ, Inc",other,https://www.leadiq.com/privacy-center,Opt-out or consumer privacy-request page.,leadiq.com,200,markup
LeadPost LLC,other,https://leadpost.com/privacy-policy/,"Privacy notice or privacy-policy page. Use the state-rights, do-not-sell, or request section. Automated check on 2026-10-01 got HTTP 403. Open the link in a browser.",leadpost.com,403,markup
Leadspace Inc,other,https://www.leadspace.com/do-not-sell-form/,Opt-out or consumer privacy-request page.,leadspace.com,200,markup
Lenso AI,other,https://lenso.ai/en/opt-out,Opt-out or consumer privacy-request page. Email: contact@lenso.ai.,lenso.ai,200,persprotect
"LightBox Parent, L.P.",other,https://www.lightboxre.com/lightbox-individual-data-rights-request/,Opt-out or consumer privacy-request page. Automated check on 2026-10-01 got HTTP 403. Open the link in a browser.,lightboxre.com,403,markup
ListKit LLC,other,https://www.listkit.io/privacy,Opt-out or consumer privacy-request page.,listkit.io,200,markup
"Lob.com, Inc.",other,https://www.lob.com/privacy,Opt-out or consumer privacy-request page.,lob.com,200,markup
Lookify,other,https://lookify.io/opt-out,Opt-out or consumer privacy-request page.,lookify.io,200,persprotect;markup
LoopMe Limited,other,https://legal.loopme.com/privacy-center,Opt-out or consumer privacy-request page.,legal.loopme.com,200,markup
M&R Strategic Services,other,https://www.mrss.com/privacy-policy/,"Privacy notice or privacy-policy page. Use the state-rights, do-not-sell, or request section.",mrss.com,200,markup
"M1 Data & Analytics, LLC",other,https://m1-data.com/disclosures/,Opt-out or consumer privacy-request page.,m1-data.com,200,markup
Malvern Media Inc.,other,https://privacyportal.privacypillar.com/dsar/form?orgid=369c8ff9-8ffb-4308-8362-f01691e77db8&propid=64c8904f-8bac-4dd9-8e6c-d052be1918a2&formid=6e6ff4b8-2296-4589-ae7f-563fa743ec2d&status=publish,Opt-out or consumer privacy-request page.,privacyportal.privacypillar.com,200,markup
MarketOps LLC,other,https://marketops.com/privacy-options/,Opt-out or consumer privacy-request page. The Markup and CalMatters (2025) found page code that hid this URL from search engines.,marketops.com,200,markup
"Marriott International, Inc.",other,https://www.marriott.com/about/your-privacy-rights.mi,Opt-out or consumer privacy-request page.,marriott.com,200,markup
"Matchbook Data, LLC",other,https://www.matchbookdata.com/privacy-policy/,"Privacy notice or privacy-policy page. Use the state-rights, do-not-sell, or request section.",matchbookdata.com,200,markup
"MaxMind, Inc.",other,https://www.maxmind.com/en/privacy-policy,"Privacy notice or privacy-policy page. Use the state-rights, do-not-sell, or request section.",maxmind.com,200,markup
MediaWallah Inc,other,https://mediawallah.com/privacy-policy/,"Privacy notice or privacy-policy page. Use the state-rights, do-not-sell, or request section.",mediawallah.com,202,markup
MedPro Systems,other,https://www.medprosystems.com/privacy-policy/,"Privacy notice or privacy-policy page. Use the state-rights, do-not-sell, or request section. The Markup and CalMatters (2025) found page code that hid this URL from search engines.",medprosystems.com,200,markup
Meltwater News US Inc.,other,https://www.meltwater.com/en/privacy,Opt-out or consumer privacy-request page.,meltwater.com,200,markup
Message Digital LLC,other,https://www.messagedigital.com/my-data,Opt-out or consumer privacy-request page.,messagedigital.com,200,markup
"MH Sub I, LLC",other,https://www.internetbrands.com/privacy/privacy-main,Opt-out or consumer privacy-request page.,internetbrands.com,200,markup
Michigan Residents,other,https://www.michiganresidentdatabase.com/opt-out,Opt-out or consumer privacy-request page. Automated check on 2026-10-01 got HTTP 403. Open the link in a browser.,michiganresidentdatabase.com,403,persprotect
MineralHolders,other,https://www.mineralholders.com/opt-out,Opt-out or consumer privacy-request page. Email: support@mineralholders.com.,mineralholders.com,200,persprotect
Minerva BI Inc,other,https://pages.minerva.io/privacy-policy,"Privacy notice or privacy-policy page. Use the state-rights, do-not-sell, or request section.",realtors.minervadata.xyz,200,markup
Mobile Technology Corporation,other,https://www.onspotdata.com/privacy-policy/,"Privacy notice or privacy-policy page. Use the state-rights, do-not-sell, or request section.",onspotdata.com,200,markup
"Mobilewalla, Inc.",other,https://www.mobilewalla.com/california-residents-do-not-sell-my-personal-information,Opt-out or consumer privacy-request page.,mobilewalla.com,200,markup
ModFx Labs Pvt Ltd,other,https://modfxlabs.com/privacy,Opt-out or consumer privacy-request page.,modfxlabs.com,200,markup
"Mogean, Inc.",other,https://www.mogean.com/privacy-policy,"Privacy notice or privacy-policy page. Use the state-rights, do-not-sell, or request section. The Markup and CalMatters (2025) found page code that hid this URL from search engines.",mogean.com,200,markup
"Monevo, Inc.",other,https://app.monevo.us/california-privacy-policy,"Privacy notice or privacy-policy page. Use the state-rights, do-not-sell, or request section. The Markup and CalMatters (2025) found page code that hid this URL from search engines. Automated check on 2026-10-01 got HTTP 403. Open the link in a browser.",app.monevo.us,403,markup
Moody's Corporation,other,https://www.moodys.com/web/en/us/legal/privacy-policy.html,"Privacy notice or privacy-policy page. Use the state-rights, do-not-sell, or request section.",moodys.com,200,markup
"MULTIMEDIA LISTS, INC.",other,https://multimedialists.com/privacy-policy/,"Privacy notice or privacy-policy page. Use the state-rights, do-not-sell, or request section.",multimedialists.com,200,markup
Names and Facts,other,https://namesandfacts.com/do-not-sell-my-info,Opt-out or consumer privacy-request page. Automated check on 2026-10-01 got HTTP 403. Open the link in a browser.,namesandfacts.com,403,persprotect
"Narvar, Inc.",other,https://corp.narvar.com/legal/privacy-policy,"Privacy notice or privacy-policy page. Use the state-rights, do-not-sell, or request section.",corp.narvar.com,200,markup
"National Opinion Institute, LLC",other,https://nationalopinioninstitute.com/ca-privacy/,Opt-out or consumer privacy-request page. Automated check on 2026-10-01 got HTTP 403. Open the link in a browser.,nationalopinioninstitute.com,403,markup
Native American Netroots,other,https://nativeamericannetroots.net/diary/51,Opt-out or consumer privacy-request page. Email: support@nativeamericannetroots.net. Automated check on 2026-10-01 got HTTP 403. Open the link in a browser.,nativeamericannetroots.net,403,persprotect
NC Resident Database,other,https://www.northcarolinaresidentdatabase.com/opt-out,Opt-out or consumer privacy-request page. Automated check on 2026-10-01 got HTTP 403. Open the link in a browser.,northcarolinaresidentdatabase.com,403,persprotect
New Gold Ventures LLC,other,https://www.thinkdatagroup.com/privacy-policy,"Privacy notice or privacy-policy page. Use the state-rights, do-not-sell, or request section.",thinkdatagroup.com,200,markup
"NextRoll, Inc",other,https://www.nextroll.com/privacy,Opt-out or consumer privacy-request page.,nextroll.com,200,markup
"NFocus Consulting, Inc.",other,https://www.n-focus.com/privacy-policy/,"Privacy notice or privacy-policy page. Use the state-rights, do-not-sell, or request section.",n-focus.com,200,markup
NumLooker,other,https://numlooker.com/remove-my-info,Opt-out or consumer privacy-request page. Email: service@numlooker.com. Automated check on 2026-10-01 got HTTP 403. Open the link in a browser.,numlooker.com,403,persprotect
NumLookup,other,https://www.numlookup.com/opt_out,Online form. Email: hello@numlookup.com. Open-dataset difficulty: easy.,numlookup.com,200,persprotect
Ohio Resident Database,other,https://www.ohioresidentdatabase.com/opt-out,Opt-out or consumer privacy-request page. Automated check on 2026-10-01 got HTTP 403. Open the link in a browser.,ohioresidentdatabase.com,403,persprotect
ONLINE MEDIA GROUP INC.,other,https://omginc.xyz/privacy,Opt-out or consumer privacy-request page.,omginc.xyz,200,markup
OnPoint Data Strategy,other,https://onpointdatastrategy.com/opt-out/,Opt-out or consumer privacy-request page.,onpointdatastrategy.com,200,markup
Opensend Inc,other,https://www.opensend.com/privacy-policy,"Privacy notice or privacy-policy page. Use the state-rights, do-not-sell, or request section.",opensend.com,200,markup
"Orgio, Inc.",other,https://theorg.com/privacy,Opt-out or consumer privacy-request page.,theorg.com,200,markup
"Outlogic, LLC",other,https://outlogic.io/privacy-policy/,"Privacy notice or privacy-policy page. Use the state-rights, do-not-sell, or request section.",outlogic.io,200,markup
"Outward Media, Inc.",other,https://outwardmedia.com/do-not-sell,Opt-out or consumer privacy-request page.,outwardmedia.com,200,markup
"OWMN, LTD.",other,https://www.thebridgecorp.com/california-residents-ccpa/,Opt-out or consumer privacy-request page.,thebridgecorp.com,200,markup
"Ownco, LLC",other,https://my.monitorbase.com/privacypolicy,"Privacy notice or privacy-policy page. Use the state-rights, do-not-sell, or request section.",my.monitorbase.com,200,markup
Pacific East Research Inc,other,https://www.pacificeast.com/contact-us-privacy/,Opt-out or consumer privacy-request page.,pacificeast.com,200,markup
Path2Response LLC,other,https://privacyportal-cdn.onetrust.com/dsarwebform/2de26f06-de6f-45a7-8e1d-7d1148a3f301/draft/7a5dc7d1-cc7e-43a8-9f24-702807deb65b.html,Opt-out or consumer privacy-request page.,privacyportal-cdn.onetrust.com,200,markup
"PitchBook Data, Inc",other,https://pitchbook.com/privacy-policy,"Privacy notice or privacy-policy page. Use the state-rights, do-not-sell, or request section. Automated check on 2026-10-01 got HTTP 403. Open the link in a browser.",pitchbook.com,403,markup
"Place Exchange, Inc.",other,https://www.placeexchange.com/do-not-sell-my-information,Opt-out or consumer privacy-request page. Automated check on 2026-10-01 got HTTP 403. Open the link in a browser.,placeexchange.com,403,markup
"Plunge, LLC",other,https://www.plungedigital.com/privacy-policy/,"Privacy notice or privacy-policy page. Use the state-rights, do-not-sell, or request section.",plungedigital.com,200,markup
"PMG Worldwide, LLC",other,https://www.pmg.com/privacy-policy,"Privacy notice or privacy-policy page. Use the state-rights, do-not-sell, or request section.",pmg.com,200,markup
"Pop Acta Media, LLC",other,https://popacta.com/privacy-policy/,"Privacy notice or privacy-policy page. Use the state-rights, do-not-sell, or request section.",popacta.com,200,markup
"PossibleNOW, Inc.",other,https://www.possiblenow.com/privacy-statement,Opt-out or consumer privacy-request page.,possiblenow.com,200,markup
"Postie, Inc",other,https://postie.com/your-privacy-choices/,Opt-out or consumer privacy-request page.,postie.com,200,markup
"PostPilot, Inc.",other,https://www.postpilot.com/privacy-policy,"Privacy notice or privacy-policy page. Use the state-rights, do-not-sell, or request section.",postpilot.com,200,markup
Precisely Software Incorporated,other,https://www.precisely.com/your-privacy-choices/,Opt-out or consumer privacy-request page. The Markup and CalMatters (2025) found page code that hid this URL from search engines. Automated check on 2026-10-01 got HTTP 403. Open the link in a browser.,precisely.com,403,markup
Predactiv,other,https://predactiv.com/privacy-policy/,"Privacy notice or privacy-policy page. Use the state-rights, do-not-sell, or request section.",predactiv.com,200,markup
"Predictive Pop, Inc.",other,https://audigent.com/privacy-center/,Opt-out or consumer privacy-request page.,audigent.com,200,markup
Preqin Limited,other,https://www.preqin.com/policies/privacy-policy,"Privacy notice or privacy-policy page. Use the state-rights, do-not-sell, or request section.",preqin.com,200,markup
PrivateNumberChecker,other,https://www.privatenumberchecker.com/removal-request,Opt-out or consumer privacy-request page. Automated check on 2026-10-01 got HTTP 403. Open the link in a browser.,privatenumberchecker.com,403,persprotect
PrivCo Media LLC,other,https://www.privco.com/privacy-policy,"Privacy notice or privacy-policy page. Use the state-rights, do-not-sell, or request section.",privco.com,200,markup
ProdPro Inc,other,https://app.prodpro.com/privacy-policy,"Privacy notice or privacy-policy page. Use the state-rights, do-not-sell, or request section.",app.prodpro.com,200,markup
"Project Affinity, Inc",other,https://www.affinity.co/legal/privacy-policy,"Privacy notice or privacy-policy page. Use the state-rights, do-not-sell, or request section.",affinity.co,200,markup
PropertyChecker.com,other,https://propertychecker.com/optout,Opt-out or consumer privacy-request page. Email: privacy@propertychecker.com.,propertychecker.com,200,persprotect
PropertyIQ,other,https://www.propertyiq.com/opt-out/address-search,Online form. Email: support@propertyiq.com. Open-dataset difficulty: easy.,propertyiq.com,200,persprotect
PropertyReach,other,https://www.propertyreach.com/privacy-rights,Opt-out or consumer privacy-request page. Email: compliance@propertyreach.com. Automated check on 2026-10-01 got HTTP 403. Open the link in a browser.,propertyreach.com,403,persprotect;markup
PublicInfoServices,other,https://www.publicinfoservices.com/help-center/privacy,Online Remove Me From Website form + email verification. Open-dataset difficulty: easy.,publicinfoservices.com,200,persprotect;markup
PublicNSA LLC,other,https://optout.bigdbm.com/,Published opt-out URL is the site root. Confirm a request form is on the page before sending information.,optout.bigdbm.com,200,markup
"PulsePoint, Inc.",other,https://www.pulsepoint.com/legal/platform-privacy-policy,"Privacy notice or privacy-policy page. Use the state-rights, do-not-sell, or request section.",pulsepoint.com,200,markup
"PureCars Technologies, LLC",other,https://docs.google.com/forms/d/e/1FAIpQLSdXAQsI4b0angLCONbwT4B4YSFiPyVMMLzizCuBSnPZmsTp_g/viewform,Opt-out or consumer privacy-request page.,docs.google.com,200,markup
PwC Product Sales LLC,other,https://www.pwc.com/us/en/site/california-privacy.html,Opt-out or consumer privacy-request page. Automated check on 2026-10-01 got HTTP 403. Open the link in a browser.,pwc.com,403,markup
"Quad/Graphics, Inc.",other,https://www.quad.com/legal/privacy-policy,"Privacy notice or privacy-policy page. Use the state-rights, do-not-sell, or request section. Automated check on 2026-10-01 got HTTP 403. Open the link in a browser.",quad.com,403,markup
Qualfon,other,https://www.qualfon.com/privacy-policy/,"Privacy notice or privacy-policy page. Use the state-rights, do-not-sell, or request section. Automated check on 2026-10-01 got HTTP 403. Open the link in a browser.",qualfon.com,403,markup
"Qurium Solutions, Inc.",other,https://supplier.io/privacy-policy,"Privacy notice or privacy-policy page. Use the state-rights, do-not-sell, or request section. Automated check on 2026-10-01 got HTTP 403. Open the link in a browser.",supplier.io,403,markup
"RampedUp, LLC.",other,https://basic.rampedup.io/app/donotsell,Opt-out or consumer privacy-request page.,basic.rampedup.io,200,markup
"RateGain Adara, Inc.",other,https://adara.com/privacy-promise/,Opt-out or consumer privacy-request page.,adara.com,200,markup
"Ray CDP, Inc.",other,https://www.rayinsights.com/privacy-notice/consumer-choice-portal/,"Privacy notice or privacy-policy page. Use the state-rights, do-not-sell, or request section.",rayinsights.com,200,markup
Realeflow LLC,other,https://cdn.realeflow.com/privacy-policy.pdf,"Privacy notice or privacy-policy page. Use the state-rights, do-not-sell, or request section.",cdn.realeflow.com,200,markup
"RealSource, Inc",other,https://www.realsourcedata.com/do-not-sell-my-personal-information,Opt-out or consumer privacy-request page.,realsourcedata.com,200,markup
Realtyhop.com,other,https://www.realtyhop.com/resources/realtyhop-redaction-request-system/,Online form. Email: privacy-realtyhop@renthop.com. Open-dataset difficulty: easy. Automated check on 2026-10-01 got HTTP 403. Open the link in a browser.,realtyhop.com,403,persprotect
"RecruitBot, Inc.",other,https://recruitbot.com/privacy-policy/,"Privacy notice or privacy-policy page. Use the state-rights, do-not-sell, or request section.",recruitbot.com,200,markup
Redfin Corporation,other,https://support.redfin.com/hc/en-us/articles/38493151019419,Opt-out or consumer privacy-request page. Email: privacy@redfin.com. Automated check on 2026-10-01 got HTTP 403. Open the link in a browser.,redfin.com,403,persprotect
Redi-Data Inc.,other,https://www.redidata.com/privacy-policy/,"Privacy notice or privacy-policy page. Use the state-rights, do-not-sell, or request section.",redidata.com,307,markup
Redmob LLC,other,https://redmob.io/privacy-policy,"Privacy notice or privacy-policy page. Use the state-rights, do-not-sell, or request section.",redmob.io,200,markup
"Remodeling.com, LLC",other,https://remodeling.com/privacy-policy/,"Privacy notice or privacy-policy page. Use the state-rights, do-not-sell, or request section.",remodeling.com,200,markup
Resonate,other,https://www.resonate.com/privacy-policy/,"Privacy notice or privacy-policy page. Use the state-rights, do-not-sell, or request section. Automated check on 2026-10-01 got HTTP 403. Open the link in a browser.",resonate.com,403,markup
RevContent,other,https://www.revcontent.com/policy/privacy-policy#residents-of-the-state-of-california,"Privacy notice or privacy-policy page. Use the state-rights, do-not-sell, or request section.",revcontent.com,200,markup
"Revelio Labs, Inc.",other,https://www.reveliolabs.com/notice-to-california-residents/,Opt-out or consumer privacy-request page.,reveliolabs.com,200,markup
Reverseaustralia,other,https://www.reverseaustralia.com/privacy.php,Opt-out or consumer privacy-request page. Email: residential@reverseaustralia.com. Automated check on 2026-10-01 got HTTP 403. Open the link in a browser.,reverseaustralia.com,403,persprotect
"RevOptimal, LLC",other,https://revoptimal.com/privacy/,Opt-out or consumer privacy-request page.,revoptimal.com,200,markup
Rhetorik Limited,other,https://rhetorik.com/do-not-sell-my-info/,Opt-out or consumer privacy-request page.,rhetorik.com,200,markup
Rich Media LLC,other,https://richmediallc.com/do-not-sell-my-personal-information/,Opt-out or consumer privacy-request page.,richmediallc.com,200,markup
Roq.ad Inc.,other,https://www.roq.ad/privacy-policy-roqad/,"Privacy notice or privacy-policy page. Use the state-rights, do-not-sell, or request section.",roq.ad,200,markup
"Round Sky, Inc.",other,https://www.roundsky.com/supplemental-privacy-notice/,"Privacy notice or privacy-policy page. Use the state-rights, do-not-sell, or request section. The Markup and CalMatters (2025) found page code that hid this URL from search engines.",roundsky.com,200,markup
"Sabio, Inc.",other,https://www.sabioctv.com/do-not-sell-my-info,Opt-out or consumer privacy-request page.,sabio.inc,200,markup
"Salary.com, LLC",other,https://www.salary.com/legal/privacy-controls/,Opt-out or consumer privacy-request page. Email: privacy@salary.com.,salary.com,200,persprotect
Salutary Data LLC.,other,https://salutarydata.com/privacy-opt-out-and-disclosure-form/,Opt-out or consumer privacy-request page.,salutarydata.com,200,markup
"Samba TV, Inc.",other,https://www.samba.tv/users/privacy-policy,"Privacy notice or privacy-policy page. Use the state-rights, do-not-sell, or request section.",samba.tv,200,markup
"SBFE, LLC",other,https://www.sbfe.org/connect/ccpa,Opt-out or consumer privacy-request page.,sbfe.org,200,markup
"Scribd, Inc.",other,https://www.scribd.com/document/253240908/Opt-Out-Form,Opt-out or consumer privacy-request page. Email: privacy@scribd.com.,scribd.com,200,persprotect
Search Systems (directory of links),other,https://publicrecords.searchsystems.net/opt-out.php,Opt-out or consumer privacy-request page. Email: webmaster@searchsystems.net.,searchsystems.net,200,persprotect
"Searchbug, Inc.",other,https://www.searchbug.com/ccpa.aspx,Web form. Email: support@searchbug.zohodesk.com. Open-dataset difficulty: easy.,searchbug.com,200,persprotect
SecretInfo,other,https://www.secretinfo.org/api/helper/optOutLight/search,Opt-out or consumer privacy-request page. Email: support@secretinfo.org.,secretinfo.org,200,persprotect
SeekHD,other,https://www.seekhd.com/optout,Opt-out or consumer privacy-request page. Email: contact@seekhd.com.,seekhd.com,200,persprotect
Semasio GmbH,other,https://www.semasio.com/legal/semasio-privacy-policy,"Privacy notice or privacy-policy page. Use the state-rights, do-not-sell, or request section.",semasio.com,200,markup
"Semcasting, Inc.",other,https://www.semcasting.com/privacy-choice,Opt-out or consumer privacy-request page.,semcasting.com,200,markup
"Share Local Media, Inc",other,https://www.sharelocalmedia.com/privacy-policy,"Privacy notice or privacy-policy page. Use the state-rights, do-not-sell, or request section.",sharelocalmedia.com,200,markup
Sharethrough Inc.,other,https://privacy-center.sharethrough.com/en/,Opt-out or consumer privacy-request page. The Markup and CalMatters (2025) found page code that hid this URL from search engines.,privacy-center.sharethrough.com,200,markup
"SheerID, Inc.",other,https://www.sheerid.com/global-privacy-policy/,"Privacy notice or privacy-policy page. Use the state-rights, do-not-sell, or request section. Automated check on 2026-10-01 got HTTP 403. Open the link in a browser.",sheerid.com,403,markup
Similarweb Ltd.,other,https://www.similarweb.com/corp/legal/privacy-policy/,"Privacy notice or privacy-policy page. Use the state-rights, do-not-sell, or request section.",similarweb.com,200,markup
"Simio Cloud, LLC",other,https://simiocloud.com/simiocloud-products-services-privacy-policy/,"Privacy notice or privacy-policy page. Use the state-rights, do-not-sell, or request section.",simiocloud.com,200,markup
"Site Impact, Inc",other,https://www.siteimpact.com/privacypolicy.php,"Privacy notice or privacy-policy page. Use the state-rights, do-not-sell, or request section.",siteimpact.com,200,markup
"Slashdot Media, LLC",other,https://slashdotmedia.com/privacy-statement/,Opt-out or consumer privacy-request page.,slashdotmedia.com,200,markup
Snovio Inc,other,https://snov.io/do-not-sell-my-personal-information,Opt-out or consumer privacy-request page. The Markup and CalMatters (2025) found page code that hid this URL from search engines.,snov.io,200,markup
Source Path Digital,other,https://sourcepathdigital.com/california-consumer-portal/,Opt-out or consumer privacy-request page.,sourcepathdigital.com,200,markup
Spy Dialer,other,https://www.spydialer.com/optout.aspx,Web form. Open-dataset difficulty: easy.,spydialer.com,200,persprotect
"SpyCloud, Inc.",other,https://spycloud.com/legal/privacy-policy/,"Privacy notice or privacy-policy page. Use the state-rights, do-not-sell, or request section.",spycloud.com,200,markup
StackAdapt Inc.,other,https://www.stackadapt.com/legal-document-centre/platform-and-services-privacy-policy,"Privacy notice or privacy-policy page. Use the state-rights, do-not-sell, or request section.",stackadapt.com,200,markup
Start.io Inc.,other,https://www.start.io/policy/privacy-policy-site/,"Privacy notice or privacy-policy page. Use the state-rights, do-not-sell, or request section.",start.io,200,markup
StateRecords.org network (statecourts.org),other,https://www.statecourts.org/optout/,Opt-out or consumer privacy-request page. Email: privacy@courtrecords.us.,statecourts.org,200,persprotect
"StatSocial, Inc",other,https://www.statsocial.com/privacy-policy,"Privacy notice or privacy-policy page. Use the state-rights, do-not-sell, or request section.",statsocial.com,200,markup
"Steppingblocks, Inc.",other,https://www.steppingblocks.com/privacy-ccpa,Opt-out or consumer privacy-request page. The Markup and CalMatters (2025) found page code that hid this URL from search engines.,steppingblocks.com,200,markup
Subsplash,other,https://www.subsplash.com/legal/privacy,Opt-out or consumer privacy-request page. Email: support@subsplash.com.,subsplash.com,200,persprotect
"Summit Resources, LLC",other,https://clientcommand.com/client-command-privacy-notice/,"Privacy notice or privacy-policy page. Use the state-rights, do-not-sell, or request section. The Markup and CalMatters (2025) found page code that hid this URL from search engines.",clientcommand.com,200,markup
"Swarm Holdings, Inc.",other,https://www.theswarm.com/privacy,Opt-out or consumer privacy-request page.,theswarm.com,200,markup
"Swoop.com, Inc.",other,https://swoop.com/privacy-notice/,"Privacy notice or privacy-policy page. Use the state-rights, do-not-sell, or request section. Automated check on 2026-10-01 got HTTP 403. Open the link in a browser.",swoop.com,403,markup
Swordfish AI Inc.,other,https://swordfish.ai/policy-ccpa,Opt-out or consumer privacy-request page.,swordfish.ai,200,markup
"T-Mobile USA, Inc.",other,https://www.t-mobile.com/privacy-center,Opt-out or consumer privacy-request page.,t-mobile.com,200,markup
"Tagis, Inc.",other,https://www.amplemarket.com/legal/privacy,Opt-out or consumer privacy-request page.,amplemarket.com,200,markup
TargetSmart Communications LLC,other,https://privacy.targetsmart.com/,Published opt-out URL is the site root. Confirm a request form is on the page before sending information.,privacy.targetsmart.com,200,markup
"TeamUnify, LLC",other,https://www.teamunify.com/team/mdest/page/safe-sport/photo-opt-out,Opt-out or consumer privacy-request page. Email: privacy@nbcuni.com.,teamunify.com,200,persprotect
Telesign Corporation,other,https://www.telesign.com/privacy-requests,Opt-out or consumer privacy-request page. The Markup and CalMatters (2025) found page code that hid this URL from search engines. Automated check on 2026-10-01 got HTTP 403. Open the link in a browser.,telesign.com,403,markup
TennHelp,other,https://www.tennhelp.com/public-resources/change-listing.html,Opt-out or consumer privacy-request page.,tennhelp.com,200,persprotect
"Terminus Software, Inc.",other,https://demandscience.com/privacy-policy?utm_campaign=terminus-redirect,"Privacy notice or privacy-policy page. Use the state-rights, do-not-sell, or request section. Automated check on 2026-10-01 got HTTP 403. Open the link in a browser.",terminus.com,403,markup
The Alesco Group LLC,other,https://www.mydataprivacy.com/upload-csv,Opt-out or consumer privacy-request page.,mydataprivacy.com,200,markup
The Bump,other,https://support.thebump.com/hc/en-us/articles/34980593049748,Opt-out or consumer privacy-request page. Email: support@thebump.com. Automated check on 2026-10-01 got HTTP 403. Open the link in a browser.,thebump.com,403,persprotect
The Data Group,other,https://thedatagroup.com/california-consumer-privacy-act/,Opt-out or consumer privacy-request page.,thedatagroup.com,200,markup
Thomson Reuters (CLEAR),other,https://privacyportal.onetrust.com/webform/dbf5ae8a-0a6a-4f4b-b527-7f94d0de6bbc/170d8ef9-9f1c-45f6-b338-9f3fb30c801e,Opt-out or consumer privacy-request page. Email: privacy.issues@thomsonreuters.com.,thomsonreuters.com,200,persprotect;markup
"Torre Labs, Inc.",other,https://torre.ai/en/terms,Opt-out or consumer privacy-request page. Email: legal@torre.ai.,torre.ai,200,persprotect
"Traackr, Inc.",other,https://www.traackr.com/infl-privacy-notice,"Privacy notice or privacy-policy page. Use the state-rights, do-not-sell, or request section.",traackr.com,200,markup
"Trestle Solutions, Inc.",other,https://trestleiq.com/privacy-policy-2022/,"Privacy notice or privacy-policy page. Use the state-rights, do-not-sell, or request section.",trestleiq.com,202,markup
"TripleLift, Inc.",other,https://triplelift.com/user-rights-policy-and-opt-out/,Opt-out or consumer privacy-request page.,triplelift.com,200,markup
True Blue Analytics LLC,other,https://trueblueanalytics.org/privacy-policy,"Privacy notice or privacy-policy page. Use the state-rights, do-not-sell, or request section.",trueblueanalytics.org,200,markup
True Opulence Corporation,other,https://trueopulence.com/en/privacy-policy,"Privacy notice or privacy-policy page. Use the state-rights, do-not-sell, or request section.",trueopulence.com,200,markup
"Trulia, LLC",other,https://support.trulia.com/hc/en-us/articles/221366928,Opt-out or consumer privacy-request page. Email: customerservice@trulia.com. Automated check on 2026-10-01 got HTTP 403. Open the link in a browser.,trulia.com,403,persprotect
TruthRecord (We Inform LLC),other,https://www.truthrecord.org/name_search/landing_page,Web form. Open-dataset difficulty: easy.,truthrecord.org,200,persprotect
TruthViewer,other,https://www.truthviewer.com/api/helper/optOutLight/search,Web form. Open-dataset difficulty: easy.,truthviewer.com,200,persprotect
"Tunnl, LLC",other,https://www.tunnldata.com/privacy-policy,"Privacy notice or privacy-policy page. Use the state-rights, do-not-sell, or request section.",tunnldata.com,200,markup
"Unacast, Inc.",other,https://www.unacast.com/privacy-policy,"Privacy notice or privacy-policy page. Use the state-rights, do-not-sell, or request section.",unacast.com,200,markup
"Unearth Campaigns, LLC",other,https://www.unearthcampaigns.com/privacy-policy/,"Privacy notice or privacy-policy page. Use the state-rights, do-not-sell, or request section. Automated check on 2026-10-01 got HTTP 403. Open the link in a browser.",unearthcampaigns.com,403,markup
"Upcell, LLC",other,https://www.upcell.io/data-claim,Opt-out or consumer privacy-request page. Automated check on 2026-10-01 got HTTP 403. Open the link in a browser.,upcell.io,403,markup
Uplead LLC,other,https://www.uplead.com/privacy/,Opt-out or consumer privacy-request page.,uplead.com,200,markup
UPS Capital Corporation,other,https://www.upscapital.com/privacy-notice,"Privacy notice or privacy-policy page. Use the state-rights, do-not-sell, or request section.",upscapital.com,200,markup
US Data Corporation,other,https://www.usdatacorporation.com/opt-out,Opt-out or consumer privacy-request page.,usdatacorporation.com,202,markup
"USADATA, Inc.",other,https://www.usadata.com/ccpa,Opt-out or consumer privacy-request page.,usadata.com,200,markup
User-Searcher,other,https://blog.user-searcher.com/policy,Opt-out or consumer privacy-request page. Email: admin@user-searcher.com.,user-searcher.com,200,persprotect
Valassis / RRD,other,https://privacyportal.onetrust.com/webform/45e4be25-919b-483f-9f95-12809576a2b3/6e633594-9a81-48bb-97ab-6fb29bf46019,Opt-out or consumer privacy-request page. Email: DataPrivacy@rrd.com.,rrd.com,200,persprotect;markup
Veeva Systems Inc.,other,https://www.veeva.com/privacy/,Opt-out or consumer privacy-request page.,veeva.com,200,markup
Vendelux,other,https://vendelux.com/privacy/,Opt-out or consumer privacy-request page. Automated check on 2026-10-01 got HTTP 403. Open the link in a browser.,vendelux.com,403,markup
"Venntel, Inc.",other,https://venntel.com/privacy-policy,"Privacy notice or privacy-policy page. Use the state-rights, do-not-sell, or request section.",venntel.com,200,markup
VentiveIQ LLC,other,https://ventiveiq.com/privacy-policy/,"Privacy notice or privacy-policy page. Use the state-rights, do-not-sell, or request section.",ventiveiq.com,200,markup
VerifyRecords (InfoPay),other,https://verifyrecords.com/optout.html,Opt-out or consumer privacy-request page. Email: support@verifyrecords.com.,verifyrecords.com,200,persprotect
Viant US LLC,other,https://privacyportal.onetrust.com/webform/18c06089-a9ec-473c-a6d8-23d20fea46af/43201dea-88d7-44cd-9142-e5b4f485e428,Opt-out or consumer privacy-request page.,ccpa.viantinc.com,200,markup
"VideoAmp, Inc.",other,https://www.videoamp.com/us-privacy-notice/,"Privacy notice or privacy-policy page. Use the state-rights, do-not-sell, or request section. Automated check on 2026-10-01 got HTTP 403. Open the link in a browser.",videoamp.com,403,markup
VisitIQ.io,other,https://visitiq.io/opt-out/,Opt-out or consumer privacy-request page. Automated check on 2026-10-01 got HTTP 429. Open the link in a browser.,visitiq.io,429,markup
"Vistar Media, Inc.",other,https://www.vistarmedia.com/privacy-choices,Opt-out or consumer privacy-request page.,vistarmedia.com,200,markup
Visual Visitor L.L.C.,other,https://www.visualvisitor.com/opt-out/,Opt-out or consumer privacy-request page.,visualvisitor.com,200,markup
VRTCAL Markets Inc,other,https://www.vrtcal.com/docs/PrivacyPolicy-Advertising.pdf,"Privacy notice or privacy-policy page. Use the state-rights, do-not-sell, or request section.",vrtcal.com,200,markup
"Warmly, Inc",other,https://www.warmly.ai/p/privacy-policy#your-choices,"Privacy notice or privacy-policy page. Use the state-rights, do-not-sell, or request section.",warmly.ai,200,markup
"WealthFeed, Inc.",other,https://www.wealthfeed.com/privacy-choices/,Opt-out or consumer privacy-request page.,wealthfeed.com,200,markup
"Webbula, LLC",other,https://webbula.com/privacy-center/,Opt-out or consumer privacy-request page.,webbula.com,200,markup
WebMD Health Corp.,other,https://www.webmd.com/about-webmd-policies/about-ccpa-do-not-sell,Opt-out or consumer privacy-request page. Email: privacy@webmd.com.,webmd.com,200,persprotect
WeInform (We Inform LLC),other,https://www.weinform.org/optOut/name/landing,Opt-out or consumer privacy-request page.,weinform.org,200,persprotect;markup
"Windfall Data, Inc.",other,https://www.windfall.com/your-privacy-choices,Opt-out or consumer privacy-request page. The Markup and CalMatters (2025) found page code that hid this URL from search engines.,windfall.com,200,markup
WINR Data B.V.,other,https://www.winrdata.com/privacy-policy-us/,"Privacy notice or privacy-policy page. Use the state-rights, do-not-sell, or request section.",winrdata.com,202,markup
Wunderkind Corporation,other,https://www.wunderkind.co/privacy/,Opt-out or consumer privacy-request page.,wunderkind.co,200,markup
Wyty,other,https://www.wyty.com/remove/,Opt-out or consumer privacy-request page. Email: support@wyty.com. Automated check on 2026-10-01 got HTTP 403. Open the link in a browser.,wyty.com,403,persprotect
"xAd, Inc.",other,https://www.groundtruth.com/privacy-policy/,"Privacy notice or privacy-policy page. Use the state-rights, do-not-sell, or request section. Automated check on 2026-10-01 got HTTP 403. Open the link in a browser.",groundtruth.com,403,markup
Zeta Global Corp.,other,https://zetaglobal.com/privacy-choices/,Opt-out or consumer privacy-request page.,zetaglobal.com,200,markup
"ZipRecruiter, Inc.",other,https://www.ziprecruiter.com/ccpa-opt-out,Opt-out or consumer privacy-request page. Email: dsars@ziprecruiter.com. Automated check on 2026-10-01 got HTTP 403. Open the link in a browser.,ziprecruiter.com,403,persprotect
"ZipStorm, Inc.",other,https://www.seekout.com/privacy,Opt-out or consumer privacy-request page. Automated check on 2026-10-01 got HTTP 403. Open the link in a browser.,seekout.com,403,markup
Zlookup,other,https://www.zlookup.com/opt_out,Opt-out or consumer privacy-request page. Email: hello@zlookup.com.,zlookup.com,200,persprotect
"ZS Associates, Inc.",other,https://www.zs.com/data-request,Opt-out or consumer privacy-request page.,zs.com,200,markup
Absolute People Search,people-search,https://absolutepeoplesearch.com/optout,Suppression-center web form + email confirmation. Open-dataset difficulty: moderate. Automated check on 2026-10-01 got HTTP 403. Open the link in a browser.,absolutepeoplesearch.com,403,persprotect
AdvancedBackgroundChecks,people-search,https://www.advancedbackgroundchecks.com/opt-out,Opt-out form with email confirmation. The older /removal path returned HTTP 404 on 2026-10-01. Do-not-sell notice: https://www.advancedbackgroundchecks.com/do-not-sell. Phone on that notice: (855) 240-6392.,advancedbackgroundchecks.com,200,persprotect;manual
AnyWho (Intelius/PeopleConnect),people-search,https://suppression.peopleconnect.us/,Uses the PeopleConnect suppression portal shared with Intelius.,anywho.com,200,persprotect;manual
Archives.com (Ancestry),people-search,https://www.archives.com/?_act=Optout,Opt-out form. Open-dataset difficulty: easy.,archives.com,200,persprotect
ArrestFacts (BeenVerified-related),people-search,https://arrestfacts.com/ng/control/privacy,Per-profile 'Information Control' form + CAPTCHA + email verification. Email: privacy@arrestfacts.com. Open-dataset difficulty: moderate. Automated check on 2026-10-01 got HTTP 403. Open the link in a browser.,arrestfacts.com,403,persprotect
Background Hawk (TruthFinder),people-search,https://www.truthfinder.com/opt-out/v2/submit/,Opt-out or consumer privacy-request page. Automated check on 2026-10-01 got HTTP 403. Open the link in a browser.,backgroundhawk.com,403,persprotect
BackgroundChecks.org (BeenVerified data),people-search,https://www.beenverified.com/app/optout/search,Opt-out or consumer privacy-request page. Email: privacy@beenverified.com. Automated check on 2026-10-01 got HTTP 403. Open the link in a browser.,backgroundchecks.org,403,persprotect
BeenVerified,people-search,https://www.beenverified.com/app/optout/search,"People-search opt-out with email confirmation. One email is often limited to a single removal; further listings may need privacy@beenverified.com. Property-search opt-out: https://www.beenverified.com/app/optout/address-search. PeopleSmart, Ownerly, NeighborWho, and other Lifetime Value brands use this form. Automated check on 2026-10-01 got HTTP 403. Open the link in a browser.",beenverified.com,403,persprotect;markup
Bumper (BeenVerified family),people-search,https://www.beenverified.com/app/optout/search,Opt-out or consumer privacy-request page. Email: privacy@beenverified.com. Automated check on 2026-10-01 got HTTP 403. Open the link in a browser.,bumper.com,403,persprotect
CheckPeople,people-search,https://checkpeople.com/opt-out,Opt-out form. A do-not-sell page is also at https://checkpeople.com/do-not-sell-info. Date of birth is commonly required. Automated check on 2026-10-01 got HTTP 403. Open the link in a browser.,checkpeople.com,403,persprotect;markup;manual
Classmates.com,people-search,https://www.classmates.com/about/privacy#p-8,Web form (PeopleConnect). Email: privacy@classmates.com. Open-dataset difficulty: easy. Automated check on 2026-10-01 got HTTP 403. Open the link in a browser.,classmates.com,403,persprotect
CocoFinder,people-search,https://cocofinder.com/remove-my-info,Web form. Open-dataset difficulty: easy. Automated check on 2026-10-01 got HTTP 403. Open the link in a browser.,cocofinder.com,403,persprotect
CocoFinder.net,people-search,https://cocofinder.net/remove-my-info,Opt-out or consumer privacy-request page. Email: support@cocofinder.net. Automated check on 2026-10-01 got HTTP 403. Open the link in a browser.,cocofinder.net,403,persprotect
Criminal.com (TruthFinder),people-search,https://www.truthfinder.com/opt-out/v2/submit/,Opt-out or consumer privacy-request page. Email: feedback@criminal.com. Automated check on 2026-10-01 got HTTP 403. Open the link in a browser.,criminal.com,403,persprotect
CriminalRecords.com (Intelius),people-search,https://www.intelius.com/privacy-center,Opt-out or consumer privacy-request page. Email: support@mailer.intelius.com. Automated check on 2026-10-01 got HTTP 403. Open the link in a browser.,criminalrecords.com,403,persprotect
CyberBackgroundChecks,people-search,https://www.cyberbackgroundchecks.com/removal,Removal form. Automated check on 2026-10-01 got HTTP 403. Open the link in a browser.,cyberbackgroundchecks.com,403,persprotect
dewarrants.org (InfoTracer form),people-search,https://infotracer.com/optout/,This domain sends removal requests to the InfoTracer opt-out form.,dewarrants.org,200,persprotect
EasyBackgroundChecks (Intelius),people-search,https://www.intelius.com/suppression-center/,Opt-out or consumer privacy-request page. Email: priorityoptout@intelius.com. Automated check on 2026-10-01 got HTTP 403. Open the link in a browser.,easybackgroundchecks.com,403,persprotect
FamilyTreeNow,people-search,https://www.familytreenow.com/optout,Opt-out form. Automated check on 2026-10-01 got HTTP 403. Open the link in a browser.,familytreenow.com,403,persprotect;markup
FastPeopleSearch,people-search,https://www.fastpeoplesearch.com/optout,Opt-out form. A captcha is typical. https://www.fastpeoplesearch.com/removal is a second path and returned HTTP 403 to an automated check on 2026-10-01.,fastpeoplesearch.com,200,persprotect;markup;manual
FastPeopleSearch.io,people-search,https://fastpeoplesearch.io/remove-my-info,Opt-out or consumer privacy-request page. Email: support@fastpeoplesearch.io.,fastpeoplesearch.io,200,persprotect
FindPeopleFast.net,people-search,https://findpeoplefast.net/company/remove-my-info,Web form. Email: support@findpeoplefast.net. Open-dataset difficulty: easy. Automated check on 2026-10-01 got HTTP 403. Open the link in a browser.,findpeoplefast.net,403,persprotect
FindPeopleSearch,people-search,http://www.findpeoplesearch.com/customerservice/,Customer-service contact form. Open-dataset difficulty: easy. Automated check on 2026-10-01 got HTTP 403. Open the link in a browser.,findpeoplesearch.com,403,persprotect
FreePeopleDirectory (Spokeo data),people-search,https://www.freepeopledirectory.com/optout,On-site opt-out form (profile URL based). Open-dataset difficulty: easy.,freepeopledirectory.com,200,persprotect
FreePeopleSearch.com,people-search,https://freepeoplesearch.com/privacy-policy/,"Privacy notice or privacy-policy page. Use the state-rights, do-not-sell, or request section. Automated check on 2026-10-01 got HTTP 403. Open the link in a browser.",freepeoplesearch.com,403,persprotect;markup
FreePhoneTracer (BeenVerified form),people-search,https://www.beenverified.com/app/optout/search,Removal is handled on the BeenVerified people-search opt-out. Automated check on 2026-10-01 got HTTP 403. Open the link in a browser.,freephonetracer.com,403,persprotect
govwarrantsearch.org (InfoTracer form),people-search,https://infotracer.com/optout/,This domain sends removal requests to the InfoTracer opt-out form.,govwarrantsearch.org,200,persprotect
IDCrawl,people-search,https://www.idcrawl.com/remove-my-information,Web form. Email: support@idcrawl.com. Open-dataset difficulty: easy.,idcrawl.com,202,persprotect
Infomatics LLC network (peoplesearch123.com),people-search,https://www.peoplesearch123.com/optOut/name/landing,Web form. Open-dataset difficulty: easy.,peoplesearch123.com,200,persprotect
Infomatics LLC network (peoplesearcher.com),people-search,https://www.peoplesearcher.com/optOut/name/landing,Web form + email confirmation. Email: support@peoplesearcher.com. Open-dataset difficulty: moderate.,peoplesearcher.com,200,persprotect;markup
Infomatics LLC network (peoplesearchusa.org),people-search,https://www.peoplesearchusa.org/optOut/name/landing,Online form + email verification. Open-dataset difficulty: easy.,peoplesearchusa.org,200,persprotect
InfoTracer,people-search,https://infotracer.com/optout/,"Opt-out form. InfoTracer also offers a mail-in form and lists fax 1-617-933-9946. Several smaller lookup domains send people to this same form. Related domains using this form: affordablebackgroundchecks.com, verifythem.org.",infotracer.com,200,persprotect
InfoTracer network,people-search,https://clicksearch.us/optout,Opt-out or consumer privacy-request page. Automated check on 2026-10-01 got HTTP 403. Open the link in a browser.,clicksearch.us,403,persprotect
InstantCheckmate (PeopleConnect),people-search,https://suppression.peopleconnect.us/,Uses the PeopleConnect suppression portal shared with Intelius.,instantcheckmate.com,200,persprotect;markup;manual
InstantCheckSpy (TruthFinder),people-search,https://www.truthfinder.com/privacy-center,Opt-out or consumer privacy-request page. Email: privacy@truthfinder.com. Automated check on 2026-10-01 got HTTP 403. Open the link in a browser.,instantcheckspy.com,403,persprotect
Intelius (PeopleConnect),people-search,https://suppression.peopleconnect.us/,"PeopleConnect suppression portal. Also used for Instant Checkmate, US Search, ZabaSearch, AnyWho, and Addresses.com. TruthFinder publishes its own form as well.",intelius.com,200,persprotect;markup;manual
Intelius / PeopleConnect (address.us.com),people-search,https://suppression.peopleconnect.us/?brand=Intelius,Published opt-out URL is the site root. Confirm a request form is on the page before sending information.,address.us.com,200,persprotect
Intelius / PeopleConnect (addresses.com),people-search,https://suppression.peopleconnect.us/,Uses the PeopleConnect suppression portal shared with Intelius.,addresses.com,200,persprotect;manual
Lead411 Corporation,people-search,https://www.lead411.com/your-privacy-choices/,Opt-out or consumer privacy-request page.,lead411.com,200,markup
MyLife,people-search,https://www.mylife.com/privacyrequest,"Privacy-request page. MyLife often asks for an account, an ID upload, or a call to (888) 704-1900. Alternate email: privacy@mylife.com. Reunion.com is related. Automated check on 2026-10-01 got HTTP 403. Open the link in a browser.",mylife.com,403,persprotect;markup;manual
National Public Data,people-search,https://nationalpublicdata.com/optout.html,Opt-out or consumer privacy-request page. Automated check on 2026-10-01 got HTTP 403. Open the link in a browser.,nationalpublicdata.com,403,persprotect
NeighborWho (BeenVerified family),people-search,https://www.beenverified.com/app/optout/search,Web form + email confirmation. Email: privacy@beenverified.com. Open-dataset difficulty: easy. Automated check on 2026-10-01 got HTTP 403. Open the link in a browser.,neighborwho.com,403,persprotect
NorthCarolinaPublicRecords.org (TruthFinder),people-search,https://www.truthfinder.com/opt-out/v2/submit/,Opt-out or consumer privacy-request page. Automated check on 2026-10-01 got HTTP 403. Open the link in a browser.,northcarolinapublicrecords.org,403,persprotect
NumberGuru (BeenVerified family),people-search,https://www.beenverified.com/app/optout/search,Web form. Email: privacy@beenverified.com. Open-dataset difficulty: easy. Automated check on 2026-10-01 got HTTP 403. Open the link in a browser.,numberguru.com,403,persprotect
Nuwber,people-search,https://nuwber.com/removal/link,Paste the profile URL and confirm by email. Each listing is separate. support@nuwber.com if the form rejects the URL. The form page was retrieved on 2026-10-01; a DNS lookup from the catalog checker failed the same day.,nuwber.com,retrieved,persprotect;markup;manual
OnlineSearches (Intelius/PeopleConnect),people-search,https://suppression.peopleconnect.us/,Online suppression form (email-verified). Open-dataset difficulty: moderate.,onlinesearches.com,200,persprotect
Open Public Records (BeenVerified data),people-search,https://www.open-public-records.com/records_removal.htm,Online removal-request form (powered by BeenVerified). Open-dataset difficulty: moderate.,open-public-records.com,200,persprotect
OpenPeopleSearch,people-search,https://openpeoplesearch.com/Consumer,Web form + identity verification. Email: info@openpeoplesearch.com. Open-dataset difficulty: moderate.,openpeoplesearch.com,200,persprotect
Ownerly (BeenVerified family),people-search,https://www.beenverified.com/app/optout/search,Web form + email confirmation. Email: privacy@beenverified.com. Open-dataset difficulty: easy. Automated check on 2026-10-01 got HTTP 403. Open the link in a browser.,ownerly.com,403,persprotect
PeekYou,people-search,https://www.peekyou.com/about/contact/optout/,Opt-out form.,peekyou.com,200,persprotect
PeopleByName,people-search,https://www.peoplebyname.com/remove.php,Email / removal form. Open-dataset difficulty: moderate. Automated check on 2026-10-01 got HTTP 403. Open the link in a browser.,peoplebyname.com,403,persprotect
"PeopleConnect, Inc.",people-search,https://peopleconnect.us/california-privacy-rights-disclosure,Opt-out or consumer privacy-request page. Email: privacy@peopleconnect.us.,peopleconnect.us,200,persprotect
PeopleFind.com (Intelius),people-search,https://www.intelius.com/privacy-center,Opt-out or consumer privacy-request page. Automated check on 2026-10-01 got HTTP 403. Open the link in a browser.,peoplefind.com,403,persprotect
PeopleFinder (PeopleConnect),people-search,https://suppression.peopleconnect.us/login,Opt-out or consumer privacy-request page. Email: support@mailer.intelius.com.,peoplefinder.com,200,persprotect
PeopleFinders (Confi-Chek),people-search,https://www.peoplefinders.com/opt-out,PeopleFinders opt-out form. Automated check on 2026-10-01 got HTTP 403. Open the link in a browser.,peoplefinders.com,403,persprotect;markup
PeopleLooker (BeenVerified),people-search,https://www.beenverified.com/app/optout/search,Web form + email confirmation. Email: privacy@beenverified.com. Open-dataset difficulty: easy. Automated check on 2026-10-01 got HTTP 403. Open the link in a browser.,peoplelooker.com,403,persprotect
PeopleSearch (Whitepages),people-search,https://www.whitepages.com/suppression-requests,Opt-out or consumer privacy-request page. Automated check on 2026-10-01 got HTTP 403. Open the link in a browser.,peoplesearch.com,403,persprotect
PeopleSearchNow,people-search,https://www.peoplesearchnow.com/opt-out,Web form. Open-dataset difficulty: easy.,peoplesearchnow.com,200,persprotect
PeopleSmart (BeenVerified),people-search,https://www.beenverified.com/app/optout/search,Web form (PeopleConnect suppression). Email: privacy@beenverified.com. Open-dataset difficulty: easy. Automated check on 2026-10-01 got HTTP 403. Open the link in a browser.,peoplesmart.com,403,persprotect
PeopleWhiz,people-search,https://www.peoplewhiz.com/remove-my-info,"Removal form. Lookalike domains often send their removal flow here. Related domains using this form: people-wizard.com, peopleswhized.com, peopleswhizr.com, peopleswiz.com, peopleswizard.com, peoplewhiz.net, peoplewhized.com, peoplewhized.net, peoplewhizr.com, peoplewhizr.net, and 3 more.",peoplewhiz.com,200,persprotect;markup
PeopleWhiz network (azerch.com),people-search,https://www.azerch.com/Policies/Privacy,Opt-out or consumer privacy-request page.,azerch.com,200,persprotect
PeopleWhiz network (mashpanel.com),people-search,https://www.mashpanel.com/remove.php,Opt-out or consumer privacy-request page.,mashpanel.com,200,persprotect
Persopo,people-search,http://info.persopo.com/opt-out.html,Web form. Email: support@persopo.com. Open-dataset difficulty: easy.,persopo.com,200,persprotect
"Pipl, Inc.",people-search,https://pipl.com/resources/privacy-documents/privacy-policy,"Privacy notice or privacy-policy page. Use the state-rights, do-not-sell, or request section.",pipl.com,200,markup
PrivateEye (Confi-Chek),people-search,https://www.privateeye.com/static/view/optout/,Web form. Open-dataset difficulty: easy. Automated check on 2026-10-01 got HTTP 403. Open the link in a browser.,privateeye.com,403,persprotect
PrivateRecords.net,people-search,https://www.privaterecords.net/optOut/name/landing,Web form. Open-dataset difficulty: easy.,privaterecords.net,200,persprotect;markup
Public Libraries (TruthFinder),people-search,https://www.truthfinder.com/opt-out/v2/submit/,Opt-out or consumer privacy-request page. Email: netadmin@publiclibraries.com. Automated check on 2026-10-01 got HTTP 403. Open the link in a browser.,publiclibraries.com,403,persprotect
PublicDataCheck,people-search,https://www.publicdatacheck.com/help-center/privacy-requests,Web form + CAPTCHA + email verification. Open-dataset difficulty: moderate.,publicdatacheck.com,200,persprotect;markup
PublicRecords.com (PeopleConnect),people-search,https://suppression.peopleconnect.us/login,Opt-out or consumer privacy-request page. Email: support@mailer.intelius.com.,publicrecords.com,200,persprotect
PublicRecordsNow (Confi-Chek),people-search,https://www.publicrecordsnow.com/static/view/optout/,Web form. Open-dataset difficulty: easy. Automated check on 2026-10-01 got HTTP 403. Open the link in a browser.,publicrecordsnow.com,403,persprotect
RealPeopleSearch,people-search,https://realpeoplesearch.com/about/remove-my-info,Google Form (Gmail login required). Email: support@realpeoplesearch.com. Open-dataset difficulty: moderate. Automated check on 2026-10-01 got HTTP 403. Open the link in a browser.,realpeoplesearch.com,403,persprotect
RecordsFinder,people-search,https://members.recordsfinder.com/ccpaOptOut,Web form. Email: privacy@recordsfinder.com. Open-dataset difficulty: easy.,recordsfinder.com,200,persprotect
RecordsPage (TruthFinder),people-search,https://www.truthfinder.com/opt-out/v2/submit/,Opt-out or consumer privacy-request page. Automated check on 2026-10-01 got HTTP 403. Open the link in a browser.,recordspage.org,403,persprotect
RecordsQuarry (TruthFinder),people-search,https://www.truthfinder.com/opt-out/v2/submit/,Opt-out or consumer privacy-request page. Email: help@truthfinder.com. Automated check on 2026-10-01 got HTTP 403. Open the link in a browser.,recordsquarry.com,403,persprotect
Reunion.com (MyLife),people-search,https://www.mylife.com/ccpa/index.pubview,Opt-out or consumer privacy-request page. Email: privacy@mylife.com. Automated check on 2026-10-01 got HTTP 403. Open the link in a browser.,reunion.com,403,persprotect
ReversePhone (Whitepages-affiliated),people-search,https://www.reversephone.com/svc/optout/search/optouts,Opt-out or consumer privacy-request page. Email: support@reversephone.com. Automated check on 2026-10-01 got HTTP 403. Open the link in a browser.,reversephone.com,403,persprotect
ReversePhoneLookup (Intelius/PeopleConnect),people-search,https://www.reversephonelookup.com/remove.php,Opt-out or consumer privacy-request page. Automated check on 2026-10-01 got HTTP 403. Open the link in a browser.,reversephonelookup.com,403,persprotect
SearchPeopleFree,people-search,https://www.searchpeoplefree.com/opt-out,"Opt-out form. Check name, phone, address, and email searches; those can be separate listings. Automated check on 2026-10-01 got HTTP 403. Open the link in a browser.",searchpeoplefree.com,403,persprotect
SearchPeopleFree.net,people-search,https://searchpeoplefree.net/resource/remove-my-info,Per-record web form (Google/Gmail login required). Email: support@searchpeoplefree.net. Open-dataset difficulty: moderate. Automated check on 2026-10-01 got HTTP 403. Open the link in a browser.,searchpeoplefree.net,403,persprotect
SearchQuarry,people-search,https://members.searchquarry.com/opt-out,Web form. Open-dataset difficulty: easy.,searchquarry.com,200,persprotect
SearchUSAPeople (InfoTracer),people-search,https://www.searchusapeople.com/data-removal-request/,Online data-removal form + email verification (InfoTracer network). Open-dataset difficulty: easy.,searchusapeople.com,200,persprotect
SmartBackgroundChecks,people-search,https://www.smartbackgroundchecks.com/optout,Opt-out form for SmartBackgroundChecks. Automated check on 2026-10-01 got HTTP 403. Open the link in a browser.,smartbackgroundchecks.com,403,persprotect
Snoopstation (Intelius),people-search,https://www.intelius.com/privacy-center,Opt-out or consumer privacy-request page. Email: support@mailer.intelius.com. Automated check on 2026-10-01 got HTTP 403. Open the link in a browser.,snoopstation.com,403,persprotect
Social Catfish,people-search,https://socialcatfish.com/opt-out/,"Opt-out page for profile URLs, emails, phones, and addresses. Email confirmation.",socialcatfish.com,200,persprotect;markup
SouthCarolinaPublicRecords.com (TruthFinder),people-search,https://www.truthfinder.com/opt-out/v2/submit/,Opt-out or consumer privacy-request page. Automated check on 2026-10-01 got HTTP 403. Open the link in a browser.,southcarolinapublicrecords.com,403,persprotect
Spokeo,people-search,https://www.spokeo.com/optout,Paste the profile URL and confirm by email. Suppression applies to that listing. Reports say paid Spokeo views can still show a record after the free search is cleared.,spokeo.com,200,persprotect;markup
Spokeo (data),people-search,https://www.spokeo.com/optout,Opt-out or consumer privacy-request page.,peoplewin.com,200,persprotect
SpyFly,people-search,https://www.spyfly.com/help-center/privacy,Web form. Email: privacy@spyfly.com. Open-dataset difficulty: moderate. Automated check on 2026-10-01 got HTTP 403. Open the link in a browser.,spyfly.com,403,persprotect;markup
StateRecords.org (InfoTracer hub),people-search,https://members.staterecords.org/opt-out,Online form. Email: privacy@staterecords.org. Open-dataset difficulty: easy.,staterecords.org,200,persprotect
Sync.ME,people-search,https://sync.me/unsubscribe/,Online form. Email: privacy@sync.me. Open-dataset difficulty: easy.,sync.me,200,persprotect
ThatsThem,people-search,https://thatsthem.com/optout,Opt-out form. Skip identity-theft product offers on the results page. Automated check on 2026-10-01 got HTTP 403. Open the link in a browser.,thatsthem.com,403,persprotect
ThePublicIndex,people-search,https://thepublicindex.org/optout,Opt-out or consumer privacy-request page. Email: support@thepublicindex.org.,thepublicindex.org,200,persprotect
TruePeopleSearch,people-search,https://www.truepeoplesearch.com/removal,"Removal form asking for name, city, and state, usually with captchas. This is a different site from truepeoplesearch.net. Automated check on 2026-10-01 got HTTP 403. Open the link in a browser.",truepeoplesearch.com,403,persprotect;markup
TruePeopleSearch.net,people-search,https://truepeoplesearch.net/remove-my-info,Removal form. Email: support@truepeoplesearch.net. Open-dataset difficulty: easy. Automated check on 2026-10-01 got HTTP 403. Open the link in a browser.,truepeoplesearch.net,403,persprotect
TruthFinder (PeopleConnect),people-search,https://www.truthfinder.com/opt-out/,TruthFinder opt-out form. PeopleConnect also runs a shared suppression portal at https://suppression.peopleconnect.us/. Automated check on 2026-10-01 got HTTP 403. Open the link in a browser.,truthfinder.com,403,persprotect;markup;manual
uFind.name,people-search,https://ufind.name/opt-out,Opt-out or consumer privacy-request page. Email: support@ufind.name. Automated check on 2026-10-01 got HTTP 403. Open the link in a browser.,ufind.name,403,persprotect
UnitedStatesPhonebook (USPhoneBook),people-search,https://www.usphonebook.com/removal,Opt-out or consumer privacy-request page.,unitedstatesphonebook.com,200,persprotect
UnMask,people-search,https://unmask.com/opt-out/,Web form. Open-dataset difficulty: easy. Automated check on 2026-10-01 got HTTP 403. Open the link in a browser.,unmask.com,403,persprotect;markup
US People Search,people-search,https://uspeoplesearch.com/purge-my-data/,Opt-out or consumer privacy-request page. Email: contact@uspeoplesearch.net. The Markup and CalMatters (2025) found page code that hid this URL from search engines. Automated check on 2026-10-01 got HTTP 403. Open the link in a browser.,uspeoplesearch.com,403,persprotect;markup
US Search (PeopleConnect),people-search,https://suppression.peopleconnect.us/,Uses the PeopleConnect suppression portal shared with Intelius.,ussearch.com,200,persprotect;manual
USA-People-Search,people-search,https://www.usa-people-search.com/manage,Web form (manage/optout). Open-dataset difficulty: easy.,usa-people-search.com,200,persprotect
USATrace (PeopleFinders),people-search,https://www.usatrace.com/your-privacy/,Email request (subject 'Block Info' to research@usatrace.com). Email: research@usatrace.com. Open-dataset difficulty: moderate.,usatrace.com,202,persprotect
USPhoneBook,people-search,https://www.usphonebook.com/opt-out,"Opt-out form. If the page hangs, the site has published support+optout@usphonebook.com for removal help.",usphonebook.com,200,persprotect
uswarrants.org (InfoTracer form),people-search,https://infotracer.com/optout/,This domain sends removal requests to the InfoTracer opt-out form.,uswarrants.org,200,persprotect
Veripages,people-search,https://veripages.com/inner/control-privacy,"Privacy-control form. It asks for the profile URL, name, and email, usually with a captcha. Automated check on 2026-10-01 got HTTP 403. Open the link in a browser.",veripages.com,403,persprotect
Whitepages,people-search,https://www.whitepages.com/suppression-requests,Suppression form. A phone call with a code is commonly required. The same request covers 411.com. Alternate email: privacyrequest@whitepages.com. Automated check on 2026-10-01 got HTTP 403. Open the link in a browser. Related domains using this form: property.whitepages.com.,whitepages.com,403,persprotect;markup
Whitepages (411.com),people-search,https://www.whitepages.com/suppression-requests,Suppression form. Open-dataset difficulty: moderate. Automated check on 2026-10-01 got HTTP 403. Open the link in a browser.,411.com,403,persprotect
Yellow Pages Directory Inc.,people-search,https://www.yellowpagesdirectory.com/opt_out/,Opt-out or consumer privacy-request page. Automated check on 2026-10-01 got HTTP 403. Open the link in a browser.,yellowpagesdirectory.com,403,persprotect
YellowBook (BeenVerified data),people-search,https://www.beenverified.com/f/optout/search,Opt-out or consumer privacy-request page. Automated check on 2026-10-01 got HTTP 403. Open the link in a browser.,yellowbook.com,403,persprotect
YellowPages (YP/Thryv),people-search,https://www.yellowpages.com/about/ccpa-yp,Opt-out or consumer privacy-request page. Email: ypcsupport@yp.com. Automated check on 2026-10-01 got HTTP 403. Open the link in a browser.,yellowpages.com,403,persprotect
YellowPages People (Intelius data),people-search,https://suppression.peopleconnect.us/,Published opt-out URL is the site root. Confirm a request form is on the page before sending information. Email: ypcsupport@yp.com.,people.yellowpages.com,200,persprotect
ZabaSearch (PeopleConnect/Intelius),people-search,https://suppression.peopleconnect.us/,Uses the PeopleConnect suppression portal shared with Intelius.,zabasearch.com,200,persprotect;manual
CoreLogic (Cotality),public-records,https://www.cotality.com/legal/online-privacy-portal,"CoreLogic does business as Cotality. Online privacy portal for access, deletion, and opt-out of sale or sharing. corelogic.com/ccpa returned HTTP 404 on 2026-10-01. Privacy policy: https://www.cotality.com/legal/privacy-policy. California phone listed there: 1-866-221-9291. Email: privacy@cotality.com.",corelogic.com,200,persprotect;manual
Florida Voter Directory,public-records,https://www.floridavoterdirectory.com/opt-out,Opt-out or consumer privacy-request page. Automated check on 2026-10-01 got HTTP 403. Open the link in a browser.,floridavoterdirectory.com,403,persprotect
NJPropertyRecords,public-records,https://njpropertyrecords.com/redaction,Opt-out or consumer privacy-request page. Email: Support@NJPropertyRecords.com. Automated check on 2026-10-01 got HTTP 403. Open the link in a browser.,njpropertyrecords.com,403,persprotect
"PropertyRadar, Inc.",public-records,https://www.propertyradar.com/privacy-policy,"Privacy notice or privacy-policy page. Use the state-rights, do-not-sell, or request section. The Markup and CalMatters (2025) found page code that hid this URL from search engines.",propertyradar.com,200,markup
PropertyRec network,public-records,https://dashboard.propertyrec.com/opt-out,Opt-out or consumer privacy-request page. Automated check on 2026-10-01 got HTTP 429. Open the link in a browser.,propertyrec.com,429,persprotect
PropertyRecord network,public-records,https://dashboard.propertyrecord.com/opt-out,Opt-out or consumer privacy-request page. Automated check on 2026-10-01 got HTTP 429. Open the link in a browser.,propertyrecord.com,429,persprotect
PropertyRecs,public-records,https://dashboard.propertyrecs.com/opt-out,Opt-out or consumer privacy-request page. Email: support@propertyrecs.com. Automated check on 2026-10-01 got HTTP 429. Open the link in a browser.,mypropertyrecs.com,429,persprotect
PropertyRecs network,public-records,https://dashboard.propertyrecs.com/opt-out,Opt-out or consumer privacy-request page. Automated check on 2026-10-01 got HTTP 429. Open the link in a browser.,propertyrecs.com,429,persprotect
PublicRecordReports,public-records,https://www.publicrecordreports.com/help-center/privacy-requests,Opt-out or consumer privacy-request page.,publicrecordreports.com,200,persprotect
PublicRecords.us,public-records,https://dashboard.publicrecords.us/opt-out,Opt-out or consumer privacy-request page. Automated check on 2026-10-01 got HTTP 429. Open the link in a browser.,publicrecords.us,429,persprotect
QuickPublicRecords,public-records,https://www.quickpublicrecords.com/help-center/privacy-requests,Opt-out or consumer privacy-request page. Email: support@quickpublicrecords.com.,quickpublicrecords.com,200,persprotect
SearchPublicRecords,public-records,https://www.searchpublicrecords.com/help-center/privacy-requests,Web form + CAPTCHA + email verification. Open-dataset difficulty: moderate.,searchpublicrecords.com,200,persprotect;markup
StateRecords.org network (alabamacourtrecords.us),public-records,https://alabamacourtrecords.us/optout/,Opt-out or consumer privacy-request page. Email: privacy@courtrecords.us.,alabamacourtrecords.us,200,persprotect
StateRecords.org network (alaskacourtrecords.us),public-records,https://alaskacourtrecords.us/optout/,Opt-out or consumer privacy-request page. Email: privacy@courtrecords.us.,alaskacourtrecords.us,200,persprotect
StateRecords.org network (arizonacourtrecords.us),public-records,https://arizonacourtrecords.us/optout/,Opt-out or consumer privacy-request page. Email: privacy@courtrecords.us.,arizonacourtrecords.us,200,persprotect
StateRecords.org network (arkansascourtrecords.us),public-records,https://arkansascourtrecords.us/optout/,Opt-out or consumer privacy-request page. Email: privacy@courtrecords.us.,arkansascourtrecords.us,200,persprotect
StateRecords.org network (californiacourtrecords.us),public-records,https://californiacourtrecords.us/optout/,Opt-out or consumer privacy-request page. Email: privacy@courtrecords.us.,californiacourtrecords.us,200,persprotect
StateRecords.org network (coloradocourtrecords.us),public-records,https://coloradocourtrecords.us/optout/,Opt-out or consumer privacy-request page. Email: privacy@courtrecords.us.,coloradocourtrecords.us,200,persprotect
StateRecords.org network (connecticutcourtrecords.us),public-records,https://connecticutcourtrecords.us/optout/,Opt-out or consumer privacy-request page. Email: privacy@courtrecords.us.,connecticutcourtrecords.us,200,persprotect
StateRecords.org network (delawarecourtrecords.us),public-records,https://delawarecourtrecords.us/optout/,Opt-out or consumer privacy-request page. Email: privacy@courtrecords.us.,delawarecourtrecords.us,200,persprotect
StateRecords.org network (floridacourtrecords.us),public-records,https://floridacourtrecords.us/optout/,Opt-out or consumer privacy-request page. Email: privacy@courtrecords.us.,floridacourtrecords.us,200,persprotect
StateRecords.org network (georgiacourtrecords.us),public-records,https://georgiacourtrecords.us/optout/,Opt-out or consumer privacy-request page. Email: privacy@courtrecords.us.,georgiacourtrecords.us,200,persprotect
StateRecords.org network (hawaiicourtrecords.us),public-records,https://hawaiicourtrecords.us/optout/,Opt-out or consumer privacy-request page. Email: privacy@courtrecords.us.,hawaiicourtrecords.us,200,persprotect
StateRecords.org network (hub),public-records,https://courtrecords.us/optout/,Opt-out or consumer privacy-request page. Email: privacy@courtrecords.us.,courtrecords.us,200,persprotect
StateRecords.org network (idahocourtrecords.us),public-records,https://idahocourtrecords.us/optout/,Opt-out or consumer privacy-request page. Email: privacy@courtrecords.us.,idahocourtrecords.us,200,persprotect
StateRecords.org network (illinoiscourtrecords.us),public-records,https://illinoiscourtrecords.us/optout/,Opt-out or consumer privacy-request page. Email: privacy@courtrecords.us.,illinoiscourtrecords.us,200,persprotect
StateRecords.org network (indianacourtrecords.us),public-records,https://indianacourtrecords.us/optout/,Opt-out or consumer privacy-request page. Email: privacy@courtrecords.us.,indianacourtrecords.us,200,persprotect
StateRecords.org network (iowacourtrecords.us),public-records,https://iowacourtrecords.us/optout/,Opt-out or consumer privacy-request page. Email: privacy@courtrecords.us.,iowacourtrecords.us,200,persprotect
StateRecords.org network (kansascourtrecords.us),public-records,https://kansascourtrecords.us/optout/,Opt-out or consumer privacy-request page. Email: privacy@courtrecords.us.,kansascourtrecords.us,200,persprotect
StateRecords.org network (kentuckycourtrecords.us),public-records,https://kentuckycourtrecords.us/optout/,Opt-out or consumer privacy-request page. Email: privacy@courtrecords.us.,kentuckycourtrecords.us,200,persprotect
StateRecords.org network (louisianacourtrecords.us),public-records,https://louisianacourtrecords.us/optout/,Opt-out or consumer privacy-request page. Email: privacy@courtrecords.us.,louisianacourtrecords.us,200,persprotect
StateRecords.org network (mainecourtrecords.us),public-records,https://mainecourtrecords.us/optout/,Opt-out or consumer privacy-request page. Email: privacy@courtrecords.us.,mainecourtrecords.us,200,persprotect
StateRecords.org network (marylandcourtrecords.us),public-records,https://marylandcourtrecords.us/optout/,Opt-out or consumer privacy-request page. Email: privacy@courtrecords.us.,marylandcourtrecords.us,200,persprotect
StateRecords.org network (massachusettscourtrecords.us),public-records,https://massachusettscourtrecords.us/optout/,Opt-out or consumer privacy-request page. Email: privacy@courtrecords.us.,massachusettscourtrecords.us,200,persprotect
StateRecords.org network (michigancourtrecords.us),public-records,https://michigancourtrecords.us/optout/,Opt-out or consumer privacy-request page. Email: privacy@courtrecords.us.,michigancourtrecords.us,200,persprotect
StateRecords.org network (minnesotacourtrecords.us),public-records,https://minnesotacourtrecords.us/optout/,Opt-out or consumer privacy-request page. Email: privacy@courtrecords.us.,minnesotacourtrecords.us,200,persprotect
StateRecords.org network (mississippicourtrecords.us),public-records,https://mississippicourtrecords.us/optout/,Opt-out or consumer privacy-request page. Email: privacy@courtrecords.us.,mississippicourtrecords.us,200,persprotect
StateRecords.org network (missouricourtrecords.us),public-records,https://missouricourtrecords.us/optout/,Opt-out or consumer privacy-request page. Email: privacy@courtrecords.us.,missouricourtrecords.us,200,persprotect
StateRecords.org network (montanacourtrecords.us),public-records,https://montanacourtrecords.us/optout/,Opt-out or consumer privacy-request page. Email: privacy@courtrecords.us.,montanacourtrecords.us,200,persprotect
StateRecords.org network (nebraskacourtrecords.us),public-records,https://nebraskacourtrecords.us/optout/,Opt-out or consumer privacy-request page. Email: privacy@courtrecords.us.,nebraskacourtrecords.us,200,persprotect
StateRecords.org network (nevadacourtrecords.us),public-records,https://nevadacourtrecords.us/optout/,Opt-out or consumer privacy-request page. Email: privacy@courtrecords.us.,nevadacourtrecords.us,200,persprotect
StateRecords.org network (newhampshirecourtrecords.us),public-records,https://newhampshirecourtrecords.us/optout/,Opt-out or consumer privacy-request page. Email: privacy@courtrecords.us.,newhampshirecourtrecords.us,200,persprotect
StateRecords.org network (newjerseycourtrecords.us),public-records,https://newjerseycourtrecords.us/optout/,Opt-out or consumer privacy-request page. Email: privacy@courtrecords.us.,newjerseycourtrecords.us,200,persprotect
StateRecords.org network (newmexicocourtrecords.us),public-records,https://newmexicocourtrecords.us/optout/,Opt-out or consumer privacy-request page. Email: privacy@courtrecords.us.,newmexicocourtrecords.us,200,persprotect
StateRecords.org network (newyorkcourtrecords.us),public-records,https://newyorkcourtrecords.us/optout/,Opt-out or consumer privacy-request page. Email: privacy@courtrecords.us.,newyorkcourtrecords.us,200,persprotect
StateRecords.org network (northcarolinacourtrecords.us),public-records,https://northcarolinacourtrecords.us/optout/,Opt-out or consumer privacy-request page. Email: privacy@courtrecords.us.,northcarolinacourtrecords.us,200,persprotect
StateRecords.org network (northdakotacourtrecords.us),public-records,https://northdakotacourtrecords.us/optout/,Opt-out or consumer privacy-request page. Email: privacy@courtrecords.us.,northdakotacourtrecords.us,200,persprotect
StateRecords.org network (ohiocourtrecords.us),public-records,https://ohiocourtrecords.us/optout/,Opt-out or consumer privacy-request page. Email: privacy@courtrecords.us.,ohiocourtrecords.us,200,persprotect
StateRecords.org network (oklahomacourtrecords.us),public-records,https://oklahomacourtrecords.us/optout/,Opt-out or consumer privacy-request page. Email: privacy@courtrecords.us.,oklahomacourtrecords.us,200,persprotect
StateRecords.org network (oregoncourtrecords.us),public-records,https://oregoncourtrecords.us/optout/,Opt-out or consumer privacy-request page. Email: privacy@courtrecords.us.,oregoncourtrecords.us,200,persprotect
StateRecords.org network (pennsylvaniacourtrecords.us),public-records,https://pennsylvaniacourtrecords.us/optout/,Opt-out or consumer privacy-request page. Email: privacy@courtrecords.us.,pennsylvaniacourtrecords.us,200,persprotect
StateRecords.org network (rhodeislandcourtrecords.us),public-records,https://rhodeislandcourtrecords.us/optout/,Opt-out or consumer privacy-request page. Email: privacy@courtrecords.us.,rhodeislandcourtrecords.us,200,persprotect
StateRecords.org network (southcarolinacourtrecords.us),public-records,https://southcarolinacourtrecords.us/optout/,Opt-out or consumer privacy-request page. Email: privacy@courtrecords.us.,southcarolinacourtrecords.us,200,persprotect
StateRecords.org network (southdakotacourtrecords.us),public-records,https://southdakotacourtrecords.us/optout/,Opt-out or consumer privacy-request page. Email: privacy@courtrecords.us.,southdakotacourtrecords.us,200,persprotect
StateRecords.org network (tennesseecourtrecords.us),public-records,https://tennesseecourtrecords.us/optout/,Opt-out or consumer privacy-request page. Email: privacy@courtrecords.us.,tennesseecourtrecords.us,200,persprotect
StateRecords.org network (texascourtrecords.us),public-records,https://texascourtrecords.us/optout/,Opt-out or consumer privacy-request page. Email: privacy@courtrecords.us.,texascourtrecords.us,200,persprotect
StateRecords.org network (utahcourtrecords.us),public-records,https://utahcourtrecords.us/optout/,Opt-out or consumer privacy-request page. Email: privacy@courtrecords.us.,utahcourtrecords.us,200,persprotect
StateRecords.org network (vermontcourtrecords.us),public-records,https://vermontcourtrecords.us/optout/,Opt-out or consumer privacy-request page. Email: privacy@courtrecords.us.,vermontcourtrecords.us,200,persprotect
StateRecords.org network (virginiacourtrecords.us),public-records,https://virginiacourtrecords.us/optout/,Opt-out or consumer privacy-request page. Email: privacy@courtrecords.us.,virginiacourtrecords.us,200,persprotect
StateRecords.org network (washingtoncourtrecords.us),public-records,https://washingtoncourtrecords.us/optout/,Opt-out or consumer privacy-request page. Email: privacy@courtrecords.us.,washingtoncourtrecords.us,200,persprotect
StateRecords.org network (westvirginiacourtrecords.us),public-records,https://westvirginiacourtrecords.us/optout/,Opt-out or consumer privacy-request page. Email: privacy@courtrecords.us.,westvirginiacourtrecords.us,200,persprotect
StateRecords.org network (wisconsincourtrecords.us),public-records,https://wisconsincourtrecords.us/optout/,Opt-out or consumer privacy-request page. Email: privacy@courtrecords.us.,wisconsincourtrecords.us,200,persprotect
StateRecords.org network (wyomingcourtrecords.us),public-records,https://wyomingcourtrecords.us/optout/,Opt-out or consumer privacy-request page. Email: privacy@courtrecords.us.,wyomingcourtrecords.us,200,persprotect
VerifyPublicRecords (CISNationwide),public-records,https://verifypublicrecords.com/Opt%20Out.html,Opt-out or consumer privacy-request page.,verifypublicrecords.com,200,persprotect
VoterRecords.com,public-records,https://voterrecords.com/faq,Instructions page. The record opt-out control is on each listing. Automated check on 2026-10-01 got HTTP 403. Open the link in a browser.,voterrecords.com,403,persprotect
