id,name,category,domain,url
alaska-arrests,"Alaska Arrests",background-checks,alaskaarrests.org,"https://www.alaskaarrests.org/request-portal"
arkansas-arrests,"Arkansas Arrests",background-checks,arkansasarrests.org,"https://www.arkansasarrests.org/request-portal"
backgroundcheckers,"BackgroundCheckers",background-checks,backgroundcheckers.net,"https://www.backgroundcheckers.net/optOut/name/landing"
california-arrests,"California Arrests",background-checks,californiaarrests.org,"https://www.californiaarrests.org/request-portal"
colorado-arrests,"Colorado Arrests",background-checks,coloradoarrests.org,"https://www.coloradoarrests.org/request-portal"
findmugshots,"FindMugshots",background-checks,findmugshots.com,"https://www.findmugshots.com/google_remove.php"
first-advantage-corporation,"First Advantage Corporation",background-checks,fadv.com,"https://fadv.com/privacy-center/"
florida-arrests,"Florida Arrests",background-checks,flarrests.org,"https://www.flarrests.org/request-portal"
freebackgroundchecks-com,"FreeBackgroundChecks.com",background-checks,freebackgroundchecks.com,"https://freebackgroundchecks.com/optout/"
georgia-arrests,"Georgia Arrests",background-checks,georgiaarrests.org,"https://www.georgiaarrests.org/request-portal"
hawaii-arrests,"Hawaii Arrests",background-checks,hawaiiarrests.org,"https://www.hawaiiarrests.org/request-portal"
hireright-llc,"HireRight, LLC",background-checks,hireright.com,"https://www.hireright.com/legal/united-states-opt-out-rights-outside-of-california"
idaho-arrests,"Idaho Arrests",background-checks,idahoarrests.org,"https://www.idahoarrests.org/request-portal"
illinois-arrests,"Illinois Arrests",background-checks,illinoisarrests.org,"https://www.illinoisarrests.org/request-portal"
inmatessearcher,"InmatesSearcher",background-checks,inmatessearcher.com,"https://www.inmatessearcher.com/optOut/name/landing"
iowa-arrests,"Iowa Arrests",background-checks,iowaarrests.org,"https://www.iowaarrests.org/request-portal"
kentucky-arrests,"Kentucky Arrests",background-checks,kentuckyarrests.org,"https://www.kentuckyarrests.org/request-portal"
lexisnexis,"LexisNexis",background-checks,lexisnexis.com,"https://consumer.risk.lexisnexis.com/opt"
louisiana-arrests,"Louisiana Arrests",background-checks,louisianaarrests.org,"https://www.louisianaarrests.org/request-portal"
massachusetts-arrests,"Massachusetts Arrests",background-checks,maarrests.org,"https://www.maarrests.org/request-portal"
michigan-arrests,"Michigan Arrests",background-checks,michiganarrests.org,"https://www.michiganarrests.org/request-portal"
minnesota-arrests,"Minnesota Arrests",background-checks,minnesotaarrests.org,"https://www.minnesotaarrests.org/request-portal"
mississippi-arrests,"Mississippi Arrests",background-checks,msarrests.org,"https://www.msarrests.org/request-portal"
missouri-arrests,"Missouri Arrests",background-checks,missouriarrests.org,"https://www.missouriarrests.org/request-portal"
montana-arrests,"Montana Arrests",background-checks,montanaarrests.org,"https://www.montanaarrests.org/request-portal"
new-hampshire-arrests,"New Hampshire Arrests",background-checks,nharrests.org,"https://www.nharrests.org/request-portal"
new-mexico-arrests,"New Mexico Arrests",background-checks,nmarrests.org,"https://www.nmarrests.org/request-portal"
new-york-arrests,"New York Arrests",background-checks,nyarrests.org,"https://www.nyarrests.org/request-portal"
ohio-arrests,"Ohio Arrests",background-checks,ohioarrests.org,"https://www.ohioarrests.org/request-portal"
oregon-arrests,"Oregon Arrests",background-checks,oregonarrest.org,"https://www.oregonarrest.org/request-portal"
pennsylvania-arrests,"Pennsylvania Arrests",background-checks,pennsylvaniaarrests.org,"https://www.pennsylvaniaarrests.org/request-portal"
rhode-island-arrests,"Rhode Island Arrests",background-checks,riarrests.org,"https://www.riarrests.org/request-portal"
south-carolina-arrests,"South Carolina Arrests",background-checks,scarrests.org,"https://www.scarrests.org/request-portal"
sterling-data-company-llc,"Sterling Data Company LLC",background-checks,sterling.ai,"https://sterling.ai/privacy-policy/"
tennessee-arrests,"Tennessee Arrests",background-checks,tennesseearrests.org,"https://www.tennesseearrests.org/request-portal"
virginia-arrests,"Virginia Arrests",background-checks,virginiaarrests.org,"https://www.virginiaarrests.org/request-portal"
washington-arrests,"Washington Arrests",background-checks,washingtonarrests.org,"https://www.washingtonarrests.org/request-portal"
west-virginia-arrests,"West Virginia Arrests",background-checks,wvarrests.org,"https://www.wvarrests.org/request-portal"
wisconsin-arrests,"Wisconsin Arrests",background-checks,wisconsinarrests.org,"https://www.wisconsinarrests.org/request-portal"
wyoming-arrests,"Wyoming Arrests",background-checks,wyomingarrests.org,"https://www.wyomingarrests.org/request-portal"
chexsystems,"ChexSystems",credit-financial,chexsystems.com,"https://www.chexsystems.com/optout"
equifax,"Equifax",credit-financial,equifax.com,"https://myprivacy.equifax.com/opt-in-opt-out/personal-info"
experian,"Experian",credit-financial,experian.com,"https://www.experian.com/privacy/opting_out"
experian-health-inc,"Experian Health, Inc.",credit-financial,consumerprivacy.experian.com,"https://consumerprivacy.experian.com/"
innovis,"Innovis",credit-financial,innovis.com,"https://www.innovis.com/personal/optOutOptIn"
nctue,"NCTUE",credit-financial,nctue.com,"https://www.nctueconsumerportal.com/"
optoutprescreen-experian-equifax-transunion-innovis,"OptOutPrescreen (Experian/Equifax/TransUnion/Innovis)",credit-financial,optoutprescreen.com,"https://www.optoutprescreen.com/"
sagestream-llc,"SageStream, LLC",credit-financial,sagestreamllc.com,"https://www.sagestreamllc.com/opt-out-opt-in/index.html"
transunion,"TransUnion",credit-financial,transunion.com,"https://www.transunion.com/consumer-privacy"
01advertising-inc,"01Advertising Inc.",marketing,01advertising.com,"https://www.01advertising.com/legal/"
6sense-insights-inc,"6sense Insights, Inc.",marketing,6sense.com,"https://6sense.com/privacy-policy/"
a-direct-marketing-inc,"A Direct Marketing Inc",marketing,bookyourdata.com,"https://www.bookyourdata.com/ccpa-ready"
accurate-append-inc,"Accurate Append Inc.",marketing,clients.accurateappend.com,"https://clients.accurateappend.com/public/optout/capture"
acxiom,"Acxiom",marketing,acxiom.com,"https://www.acxiom.com/optout/"
adstra-american-list-counsel,"Adstra (American List Counsel)",marketing,adstradata.com,"https://privacyportal.onetrust.com/webform/3d2d5e0c-bd98-46b8-906c-ede68a6f6a80/f54a1b10-bb5d-4c99-9521-3e08dc527583"
agr-marketing-solutions-llc,"AGR Marketing Solutions LLC",marketing,agrmarketingsolutions.com,"https://agrmarketingsolutions.com/privacy-policy/"
alikeaudience-inc,"AlikeAudience, Inc.",marketing,alikeaudience.com,"https://www.alikeaudience.com/privacy-policy/"
astoria-company-marketing-llc,"Astoria Company Marketing LLC",marketing,astoriacompany.com,"https://astoriacompany.com/privacy-policy/"
atdata-formerly-towerdata,"AtData (formerly TowerData)",marketing,atdata.com,"https://privacyportal-cdn.onetrust.com/dsarwebform/b38ccfa3-c14a-451e-bf1d-974d1e278b7c/6214ac53-9059-474d-a847-800250556e9d.html"
audience-acuity-llc,"Audience Acuity LLC",marketing,audienceacuity.com,"https://audienceacuity.com/california/"
audiencepoint-inc,"AudiencePoint Inc.",marketing,audiencepoint.com,"https://audiencepoint.com/cpra/"
bh-marketing-group-llc,"BH MARKETING GROUP LLC",marketing,usmarketinggrp.com,"https://usmarketinggrp.com/privacy-policy/#CCPA"
blue-hill-marketing-solutions-inc,"Blue Hill Marketing Solutions, Inc",marketing,liftbasedata.com,"https://www.liftbasedata.com/request-to-know/"
bombora-inc,"Bombora, Inc",marketing,bombora.com,"https://bombora.com/privacy-philosophy/"
brooks-integrated-marketing-llc,"Brooks Integrated Marketing, LLC",marketing,brooksim.com,"https://www.brooksim.com/privacy-form"
catalina-marketing-corporation,"Catalina Marketing Corporation",marketing,catalina.com,"https://www.catalina.com/legal#privacy-notice"
catalist-llc,"Catalist LLC",marketing,catalist.us,"https://catalist.us/privacy-policy/"
claritas-llc,"Claritas LLC.",marketing,claritas.com,"https://www.claritas.com/privacy-legal/"
cognism-inc,"Cognism, Inc.",marketing,cognism.com,"https://cognism.privacy.saymine.io/cognism"
compact-information-systems-llc,"Compact Information Systems, LLC",marketing,deepsync.com,"https://deepsync.com/privacy-policy/"
comscore-inc,"Comscore, Inc.",marketing,comscore.com,"https://www.comscore.com/About/Privacy-Policy"
converge-direct-llc,"Converge Direct, LLC",marketing,convergemarketing.com,"https://www.convergemarketing.com/compliance/"
data-axle-infousa,"Data Axle (InfoUSA)",marketing,data-axle.com,"https://www.data-axle.com/do-not-sell-my-data/"
demandbase-inc,"Demandbase, Inc.",marketing,demandbase.com,"https://www.demandbase.com/privacy-center.html?ketch_preferences_tab=rightsTab"
dun-and-bradstreet-inc-submit-irm-trustarc-eu,"Dun & Bradstreet, Inc.",marketing,submit-irm.trustarc.eu,"https://submit-irm.trustarc.eu/services/validation/ba81b98f-997d-4216-b4cc-d64cf261b082"
epsilon,"Epsilon",marketing,epsilon.com,"https://legal.epsilon.com/dsr/"
eyeota-pte-ltd,"Eyeota Pte Ltd",marketing,eyeota.com,"https://www.eyeota.com/how-to-opt-out"
first-direct-inc,"First Direct, Inc.",marketing,compliance.firstdirectmarketing.com,"https://compliance.firstdirectmarketing.com/"
grassroots-analytics,"Grassroots Analytics",marketing,grassrootsanalytics.com,"https://www.grassrootsanalytics.com/california-consumer-privacy-act-ccpa"
hunter-web-services-inc,"Hunter Web Services, Inc.",marketing,hunter.io,"https://hunter.io/privacy-policy"
integrated-direct-marketing-llc,"Integrated Direct Marketing, LLC",marketing,idm.us.com,"https://www.idm.us.com/do-not-sell-my-personal-information/"
j2-global-canada-inc-fullcontact-com,"J2 Global Canada, Inc.",marketing,fullcontact.com,"https://www.fullcontact.com/privacy/privacy-policy/"
lionshare-marketing-inc,"Lionshare Marketing, Inc",marketing,lionsharemarketing.com,"https://www.lionsharemarketing.com/privacy-policy/"
liveintent,"LiveIntent",marketing,privacy.liveintent.com,"https://privacy.liveintent.com/"
liveramp,"LiveRamp",marketing,liveramp.com,"https://liveramp.com/privacy/my-privacy-choices/"
lotame,"Lotame",marketing,lotame.com,"https://www.lotame.com/about-lotame/privacy/lotames-opt-out/"
lusha-systems-inc,"Lusha Systems, Inc.",marketing,lusha.com,"https://www.lusha.com/legal/ccpa/"
magnite-inc,"Magnite Inc",marketing,magnite.com,"https://www.magnite.com/legal/user-choice-portal/"
media-net-advertising-fz-llc,"Media.net Advertising FZ, LLC",marketing,media.net,"https://www.media.net/privacy-policy/"
melissa,"Melissa",marketing,melissa.com,"https://apps.melissa.com/user/consumerprivacy.aspx"
merkle-dentsu,"Merkle (Dentsu)",marketing,merkle.com,"https://www.merkle.com/en/privacy-policy/data-product-privacy-notice/control-your-personal-information.html"
neustar-transunion,"Neustar (TransUnion)",marketing,neustar.com,"https://privacychoices.home.neustar/"
neustar-inc,"NeuStar, Inc.",marketing,privacychoices.home.neustar,"https://privacychoices.home.neustar/?t=#/login"
next-wave-marketing-strategies-inc,"Next Wave Marketing Strategies, Inc",marketing,agedleadstore.com,"https://agedleadstore.com/privacy-policy/"
nielsen,"Nielsen",marketing,nielsen.com,"https://sites.nielsen.com/legal/privacy-statement/exelate-privacy-policy/opt-in-opt-out/"
onaudience-ltd,"OnAudience LTD",marketing,onaudience.com,"https://onaudience.com/internet-advertising-privacy-policy/"
online-advertising-network-sp-z-o-o,"Online Advertising Network sp. z o.o.",marketing,oan.pl,"https://oan.pl/internet-advertising-privacy-policy/"
openx-technologies-inc,"OpenX Technologies, Inc.",marketing,openx.com,"https://www.openx.com/privacy-center/ad-exchange-privacy-policy/"
oracle-data-cloud-bluekai,"Oracle (Data Cloud / BlueKai)",marketing,oracle.com,"https://www.oracle.com/legal/privacy/privacy-choices/"
paramount-lists-inc,"Paramount Lists, Inc.",marketing,paramountdirectmarketing.com,"https://www.paramountdirectmarketing.com/privacy-policy.php"
people-data-labs-inc,"People Data Labs, Inc.",marketing,privacy.peopledatalabs.com,"https://privacy.peopledatalabs.com/policies?name=privacy-center#people-data-labs-privacy-center"
pubmatic-inc,"PubMatic. Inc.",marketing,pubmatic.com,"https://pubmatic.com/legal/ccpa-privacy-policy/"
rocketreach-llc,"RocketReach LLC",marketing,rocketreach.co,"https://rocketreach.co/privacy"
seamless-contacts-inc,"Seamless Contacts, Inc.",marketing,login.seamless.ai,"https://login.seamless.ai/personalDataRequest"
sovrn-inc,"Sovrn, Inc.",marketing,sovrn.com,"https://www.sovrn.com/privacy-policy/policy-center/"
speedeon-data-llc,"Speedeon Data LLC",marketing,speedeondata.com,"https://speedeondata.com/privacy-policy/"
statara-solutions-llc,"Statara Solutions LLC",marketing,statara.com,"https://statara.com/privacy/"
stirista-llc,"Stirista, LLC",marketing,stirista.com,"https://www.stirista.com/privacy-policy/"
taboola-inc,"Taboola, Inc.",marketing,accessrequest.taboola.com,"https://accessrequest.taboola.com/access"
tapad-inc,"Tapad, Inc.",marketing,crportal.tapad.com,"https://crportal.tapad.com/#/"
teads-holding-co,"Teads Holding Co.",marketing,my.outbrain.com,"https://dsr.outbrain.com/recommendations-settings/home/en"
techtarget-inc,"TechTarget, Inc.",marketing,techtarget.com,"https://www.informatechtarget.com/ccpa-privacy-notice/"
towerdata-inc,"TowerData, Inc.",marketing,towerdata.com,"https://www.towerdata.com/ccpa-form"
versium-analytics-inc,"Versium Analytics Inc.",marketing,versium.com,"https://versium.com/ccpa-privacy-policy"
virtual-marketing-llc,"Virtual Marketing LLC",marketing,fusion92.com,"https://www.fusion92.com/privacy-policy"
wiland-inc,"Wiland, Inc.",marketing,wiland.com,"https://wiland.com/privacy-choices/"
zenleads-inc,"ZenLeads Inc.",marketing,apollo.io,"https://www.apollo.io/company/privacy-center"
zoominfo-technologies-llc,"ZoomInfo Technologies, LLC",marketing,zoominfo.com,"https://privacyrequest.zoominfo.com/remove/verify"
24counter,"24Counter",other,24counter.com,"https://24counter.com/opt-out/"
33-mile-radius-llc,"33 Mile Radius LLC",other,33mileradius.com,"https://www.33mileradius.com/privacy-policy/"
33across-inc,"33Across, Inc.",other,33across.com,"https://33across.com/privacy-policy/ccpa-notice/"
360-media-direct,"360 Media Direct",other,360-media-direct.privacy.saymine.io,"https://360-media-direct.privacy.saymine.io/360_Media_Direct"
5x5-us-llc,"5X5 US, LLC",other,5x5coop.com,"https://5x5data.com/dsr-out/"
above-data-inc,"Above Data, Inc.",other,abovedata.io,"https://www.abovedata.io/privacy-policy/"
ach-address-clearing-house,"ACH, Address Clearing House",other,achcoop.com,"https://www.achcoop.com/privacy-policy"
adept-id-inc,"Adept ID, Inc.",other,adept-id.com,"https://www.adept-id.com/privacy-policy/"
affinity-answers-corporation,"Affinity Answers Corporation",other,affinityanswers.com,"https://www.affinityanswers.com/your-privacy-choices/"
affinity-solutions,"Affinity Solutions",other,affinity.solutions,"https://www.affinity.solutions/data-privacy-notice/"
aidentified-inc,"Aidentified, Inc.",other,aidentified.com,"https://www.aidentified.com/privacy--policy"
airlines-reporting-corporation,"Airlines Reporting Corporation",other,www2.arccorp.com,"https://www2.arccorp.com/site-privacy-policy/"
all-good-media-llc,"All Good Media, LLC",other,attribits.com,"https://www.attribits.com/do-not-sell"
allareacodes,"AllAreaCodes",other,allareacodes.com,"https://www.allareacodes.com/remove_name.htm"
alliant,"Alliant",other,alliantinsight.com,"https://privacyportal-cdn.onetrust.com/dsarwebform/591ac1c1-3a1e-496f-9e43-ff4afb5fef85/2b52262e-8ada-4725-b86e-e4b960336f96.html"
alphonso-inc,"Alphonso Inc.",other,alphonso.tv,"https://alphonso.tv/privacy/"
altrata-inc,"Altrata, Inc.",other,altrata.com,"https://altrata.com/online-privacy-notice"
amedisys-inc,"Amedisys, Inc.",other,amedisys.com,"https://cdn.amedisys.com/userfiles/CCPA%20Request%20Form.pdf"
american-city-business-journals-inc,"American City Business Journals. Inc.",other,acbj.com,"https://www.acbj.com/privacy"
analyticsiq-inc-privacyportal-onetrust-com,"AnalyticsIQ, Inc.",other,privacyportal.onetrust.com,"https://anteriad.com/privacy-center"
anchor-computer-inc,"Anchor Computer Inc.",other,anchorcomputer.com,"https://www.anchorcomputer.com/privacy-policy/"
anne-lewis-strategies-llc,"Anne Lewis Strategies, LLC",other,missionwired.com,"https://missionwired.com/privacy-policy/#caprivacy"
apollo-interactive-llc,"Apollo Interactive, LLC",other,apollointeractive.com,"https://www.apollointeractive.com/privacy-policy.php"
appscience,"AppScience",other,appscience.ai,"https://www.appscience.ai/privacy-policy"
aristotle-international-inc,"Aristotle International, Inc.",other,aristotle.com,"https://www.aristotle.com/privacy/addendum-for-california-residents/"
arivify-property-data,"Arivify (property data)",other,arivify.com,"https://www.arivify.com/removal"
asset-international-inc,"Asset International, Inc.",other,issgovernance.com,"https://www.issgovernance.com/privacy-legal/ccpa/"
autoweb-inc,"AutoWeb, Inc.",other,autoweb.com,"https://www.autoweb.com/privacy"
awl-holdings-llc,"AWL Holdings, LLC",other,awl.com,"https://awl.com/privacy/"
azerion-us-inc,"Azerion US Inc.",other,hybridtheory.com,"https://www.hybridtheory.com/privacy-notice/"
azira-llc,"Azira LLC",other,azira.com,"https://azira.com/privacy-policy"
b-i-science-2009-ltd,"B.I Science (2009) Ltd",other,biscience.com,"https://www.biscience.com/ccpa/"
bb-direct-inc,"BB Direct Inc",other,bbdirect.com,"https://www.bbdirect.com/about/privacy-compliance.html"
bdex-llc,"BDEX, LLC",other,bdex.com,"https://www.bdex.com/privacy-policy/"
bdo-gci-llc-f-k-a-bdo-usa-p-c-global-corporate-intelligence-group,"BDO GCI, LLC (f.k.a. BDO USA, P.C., Global Corporate Intelligence group)",other,bdo.com,"https://www.bdo.com/privacy-policy"
beeswax,"Beeswax",other,beeswax.com,"https://www.beeswax.com/privacy/#what-information"
belardi-ostroy,"Belardi Ostroy",other,belardiwong.com,"https://belardiwong.com/privacy-policy/"
best-pick-reports-llc,"Best Pick Reports, LLC",other,bestpickreports.com,"https://www.bestpickreports.com/content/privacy-policy"
black-pearl-group-limited,"Black Pearl Group Limited",other,blackpearl.com,"https://www.blackpearl.com/privacy-policy"
blackbaud-inc,"Blackbaud, Inc",other,blackbaud.com,"https://www.blackbaud.com/company/data-subject-rights-request"
blis-global-ltd,"Blis Global Ltd",other,blis.com,"https://blis.com/privacy-centre/"
bridg-a-division-of-cardlytics-inc,"Bridg, a division of Cardlytics, Inc.",other,bridg.com,"https://www.bridg.com/privacy-policy"
buildertrend-solutions-inc,"Buildertrend Solutions, Inc.",other,buildertrend.com,"https://buildertrend.com/additional-state-disclosures/"
buyerlink-inc,"Buyerlink Inc.",other,buyerlink.com,"https://www.buyerlink.co/privacy"
bv-insights-llc,"BV Insights LLC",other,big-village.com,"https://big-village.com/do-not-sell-or-share-my-personal-information/"
cadent-llc,"Cadent, LLC",other,cadent.tv,"https://www.cadent.com/your-privacy-choices"
callapp-software-ltd,"CallApp Software Ltd.",other,callapp.com,"https://callapp.com/support/can-i-wipe-my-information-from-callapp-2"
callersmart,"CallerSmart",other,callersmart.com,"https://www.callersmart.com/data"
captify-technologies,"Captify Technologies",other,captifytechnologies.com,"https://captifytechnologies.com/data-subject-rights-request/"
carry-technologies-inc,"Carry Technologies Inc.",other,hightouch.com,"https://preferences.hightouch.com/"
cdk-global-llc,"CDK Global, LLC",other,cdkglobal.com,"https://www.cdkglobal.com/privacy-policy"
cengage-learning-inc,"Cengage Learning, Inc.",other,cengagegroup.com,"https://www.cengagegroup.com/privacy/"
censia-in,"Censia, In.",other,censia.com,"https://www.censia.com/ccpa/"
checksecrets-truth-now-llc,"CheckSecrets (Truth Now LLC)",other,checksecrets.com,"https://www.checksecrets.com/optOut/name/landing"
choreograph-llp,"Choreograph LLP",other,choreograph.com,"https://www.choreograph.com/ccpa"
cision-us-inc,"Cision US, Inc",other,privacyportal-uk.onetrust.com,"https://privacyportal-uk.onetrust.com/webform/d2cb5e2f-e4f8-4ada-be9f-38f2e699fd45/3216c7cb-cf10-465b-84f8-867628ba5273"
city-data-com,"City-Data.com",other,city-data.com,"https://www.city-data.com/delrequest/form.php"
civis-analytics-inc,"Civis Analytics, Inc.",other,civisanalytics.com,"https://www.civisanalytics.com/legal-pages/privacy-policy"
clay-labs-inc,"Clay Labs, Inc",other,privacy.clay.com,"https://privacy.clay.com/policies"
clearcompany-llc,"ClearCompany, LLC",other,clearcompany.com,"https://www.clearcompany.com/privacy-policy/"
clearview-ai-inc,"Clearview AI, Inc.",other,clearview.ai,"https://www.clearview.ai/privacy-and-requests"
clickagy-llc,"Clickagy LLC",other,clickagy.com,"https://www.clickagy.com/privacy-center/"
co2-ventures-llc,"CO2 Ventures, LLC",other,oncoreleads.com,"https://oncoreleads.com/california-privacy-rights/"
collective-data-solutions,"Collective Data Solutions",other,collectivedata.io,"https://www.collectivedata.io/website-visitor-privacy-policy/"
coloradoresidentdirectory,"ColoradoResidentDirectory",other,coloradoresidentdirectory.com,"https://www.coloradoresidentdirectory.com/opt-out"
command-precision-inc,"Command Precision, Inc.",other,persistent.id,"https://persistent.id/privacy-policy"
commercial-real-estate-exchange-inc,"Commercial Real Estate Exchange, Inc.",other,crexi.com,"https://www.crexi.com/privacy"
complete-medical-lists-inc,"Complete Medical Lists, Inc.",other,completemedicallists.com,"https://www.completemedicallists.com/privacy.php"
connected-investors-llc,"Connected Investors, LLC",other,connectedinvestors.com,"https://connectedinvestors.com/content/privacy-policy"
connecticut-resident-directory,"Connecticut Resident Directory",other,connecticutresidentdirectory.com,"https://www.connecticutresidentdirectory.com/opt-out"
connext-digital-llc,"Connext Digital, LLC",other,connextdigital.com,"https://connextdigital.com/ccpa/"
convex-labs-inc,"Convex Labs, Inc.",other,convex.com,"https://www.convex.com/privacy-policy"
corporationwiki,"CorporationWiki",other,corporationwiki.com,"https://www.corporationwiki.com/profiles/public"
costar-group,"CoStar Group",other,costar.com,"https://www.costar.com/about/privacy-notice"
crimson-hexagon,"Crimson Hexagon",other,brandwatch.com,"https://www.brandwatch.com/confirmation/legal-data/"
crisil-irevna-us-llc,"CRISIL Irevna US LLC",other,crisil.com,"https://www.crisil.com/content/crisilcom/en/home/crisil-privacy-notice.html"
cross-pixel-media-inc,"Cross Pixel Media, Inc.",other,privacy.crsspxl.com,"https://privacy.crsspxl.com/optout"
crunchbase-inc,"Crunchbase, Inc.",other,preferences.crunchbase.com,"https://preferences.crunchbase.com/form/opt_out"
ctam-leadshare-corp,"CTAM LeadShare Corp.",other,smartmove.us,"https://www.smartmove.us/company/privacy"
cuebiq-group-llc,"Cuebiq Group, LLC",other,cuebiq.com,"https://cuebiq.com/privacy-policy/"
data-decisions-group-llc,"Data Decisions Group, LLC",other,datadecisionsgroup.com,"https://datadecisionsgroup.com/privacy-policy/"
data-partners-inc,"Data Partners Inc.",other,datapartners.com,"https://datapartners.com/donotsellmyinformation/"
data-trust,"Data Trust",other,thedatatrust.com,"https://thedatatrust.com/do-not-sell-my-personal-information/"
datadelivers-llc,"DataDelivers LLC",other,datadelivers.com,"https://datadelivers.com/privacy-policy/"
datafy-llc,"Datafy LLC",other,datafy.com,"https://www.datafy.com/opt-out"
datamentors-llc,"Datamentors, LLC",other,porchgroupmedia.com,"https://porchgroupmedia.com/privacy-policy/"
datanyze-llc,"Datanyze LLC",other,datanyze.com,"https://www.datanyze.com/privacy-center"
dataskip,"Dataskip",other,dataskip.io,"https://dataskip.io/product/start-order/"
datasys-group-inc,"Datasys Group, Inc.",other,datasys.com,"https://datasys.com/privacy-policy"
datonics-llc,"DATONICS LLC",other,datonics.com,"https://www.datonics.com/privacy/privacy-choices"
dealerdirect-llc,"DealerDirect LLC",other,forddirectprivacy.com,"https://www.forddirect.com/privacy"
dealersocket-llc,"DealerSocket, LLC",other,dealersocket.com,"https://dealersocket.com/privacy-policy/"
dealerx-partners-llc,"DealerX Partners LLC",other,dealerx.com,"https://dealerx.com/privacy-options/"
decide-technologies-inc,"Decide Technologies, Inc.",other,decide.co,"https://decide.co/privacy"
decisionlinks,"DecisionLinks",other,decisionlinks.com,"https://www.decisionlinks.com/get-in-touch"
deep-root-analytics-llc,"Deep Root Analytics, LLC",other,deeprootanalytics.com,"https://www.deeprootanalytics.com/privacy-policy"
definitive-healthcare-llc,"Definitive Healthcare LLC",other,definitivehc.com,"https://www.definitivehc.com/privacy-center"
delivr-ai-inc,"Delivr.ai Inc",other,dsrp.pii.ai,"https://dsrp.pii.ai/p/7886d230-6f28-42d6-ba95-7d141f0a6520/submit.html"
deloitte-consulting-llp,"Deloitte Consulting LLP",other,www2.deloitte.com,"https://www.deloitte.com/us/en/legal/privacy/predictrisk-privacy-notice.html"
demand-science-us-llc,"Demand Science US, LLC",other,demandscience.com,"https://demandscience.com/privacy-policy/"
demyst-data-ltd,"Demyst Data, Ltd",other,demyst.com,"https://www.demyst.com/privacy-policy"
dexknows-com-thryv,"DexKnows.com (Thryv)",other,dexknows.com,"https://privacyportal-cdn.onetrust.com/dsarwebform/dd6500c7-03cb-45b0-8bed-97ece55a892d/cfcefb69-41db-4aee-bd00-c702df72ee0f.html"
diablo-media,"Diablo Media",other,diablomedia.com,"https://diablomedia.com/privacy-request/"
dice-career-solutions-inc,"Dice Career Solutions, Inc.",other,dice.com,"https://www.dice.com/about/ccpa"
digital-media-solutions-llc,"Digital Media Solutions, LLC",other,dmsunsub.io,"https://dms-privacy.my.onetrust.com/webform/506f8b15-11ff-4f18-95fa-48ff903e623f/4268d0f0-bd98-4afb-b33a-a7a922ae182a"
digital-viking-media-inc,"Digital Viking Media Inc",other,digitalvikingmedia.com,"https://www.digitalvikingmedia.com/privacy-policy"
disco-technology-inc,"Disco Technology Inc.",other,disconetwork.com,"https://www.disconetwork.com/privacy-policy"
disqus-inc,"Disqus, Inc.",other,disqus.com,"https://disqus.com/data-sharing-settings/"
dobsearch,"DOBSearch",other,dobsearch.com,"https://www.dobsearch.com/people-finder/"
drunk-drivers,"Drunk Drivers",other,drunkdrivers.org,"https://drunkdrivers.org/remove-my-info/"
dspolitical-llc,"DSPolitical, LLC",other,winwithoptimal.com,"https://www.winwithoptimal.com/privacy-policy/"
dstillery-inc,"Dstillery, Inc",other,dstillery.com,"https://dstillery.com/privacy-policy/"
dtn-llc,"DTN, LLC",other,dtn.com,"https://www.dtn.com/do-not-sell-my-information-form/"
e-republic-llc,"e.Republic, LLC",other,erepublic.com,"https://www.erepublic.com/privacy/"
eab-global-inc,"EAB Global, Inc.",other,eab.com,"https://eab.app.box.com/s/ig1xoav1pag3q3af1k812bdthzfyhcwn"
economic-modeling-llc,"Economic Modeling, LLC",other,lightcast.io,"https://lightcast.io/privacy-policy"
edvisors-network-inc,"Edvisors Network, Inc.",other,edvisors.com,"https://www.edvisors.com/delete-request/"
effyis-inc,"Effyis, Inc.",other,socialgist.com,"https://www.socialgist.ai/privacy-and-terms"
ekata-inc,"Ekata, Inc.",other,ekata.com,"https://ekata.com/privacy-policy/"
el-toro-com-llc,"EL TORO.COM, LLC",other,eltoro.com,"https://eltoro.com/your-privacy-choices/"
electronic-voice-services-inc,"Electronic Voice Services, Inc.",other,evs7.com,"https://www.evs7.com/privacy-notice-for-residents-of-california"
endgame-labs-inc,"Endgame Labs, Inc",other,endgame.io,"https://www.endgame.io/privacy"
enformion-llc,"Enformion LLC",other,enformion.com,"https://www.enformion.com/privacy-policy/"
enigma-technologies-inc,"Enigma Technologies, Inc.",other,enigma.com,"https://www.enigma.com/company/privacy-policy"
eprodirect-llc,"EproDirect LLC",other,eprodirect.com,"https://www.eprodirect.com/do-not-sell-my-personal-information/"
evorra-ltd,"Evorra Ltd",other,evorra.com,"https://evorra.com/privacy-data-policies/product-privacy-policy/"
exact-opco-llc,"Exact Opco, LLC",other,remodelyourhome.com,"https://remodelyourhome.com/PrivacyRequest.aspx"
exlservice-com-llc,"ExlService.com LLC",other,exlservice.com,"https://www.exlservice.com/privacy-policy"
explorium-inc,"Explorium Inc.",other,explorium.ai,"https://www.explorium.ai/platform-privacy-policy/"
familysearch,"FamilySearch",other,familysearch.org,"https://www.familysearch.org/en/help/helpcenter/article/how-do-i-remove-vitals-information-in-family-tree"
famous-birthdays-llc,"Famous Birthdays LLC",other,famousbirthdays.com,"https://www.famousbirthdays.com/privacy/"
fandom-inc,"Fandom, Inc.",other,fandom.com,"https://itlaw.fandom.com/wiki/Opt-out"
faraday-inc,"Faraday, Inc.",other,faraday.ai,"https://faraday.ai/privacy-options"
fideo-intelligence-inc,"Fideo Intelligence, Inc.",other,app.fideo.ai,"https://app.fideo.ai/your-privacy-choices"
fifty-technology-limited,"Fifty Technology Limited",other,fifty.io,"https://fifty.io/privacy-policy"
findem-inc,"Findem, Inc.",other,findem.ai,"https://www.findem.ai/do-not-sell-or-share-my-personal-information"
finthrive-healthcare-inc,"FinThrive Healthcare, Inc.",other,finthrive.com,"https://finthrive.com/privacy-policy"
first-beat-media,"First Beat Media",other,phonelookup.com,"https://www.phonelookup.com/opt"
floridaparcels-com,"FloridaParcels.com",other,floridaparcels.com,"https://floridaparcels.com/redaction/"
floridaresidentsdirectory,"FloridaResidentsDirectory",other,floridaresidentsdirectory.com,"https://www.floridaresidentsdirectory.com/opt-out"
focus-usa-inc,"Focus USA, Inc",other,focus-usa.com,"https://www.focus-usa.com/privacy-policy/"
foller-me,"Foller.me",other,foller.me,"https://www.foller.me/do-not-sell"
foo-monk-llc,"Foo Monk LLC",other,instantly.ai,"https://instantly.ai/privacy"
forager-ai-llc,"Forager.ai, LLC",other,forager.ai,"https://www.forager.ai/privacy-policy"
forewarn-llc,"FOREWARN, LLC",other,forewarn.com,"https://www.forewarn.com/privacy-policy/"
fourleaf-llc,"FourLeaf LLC",other,fourleafdata.com,"https://www.fourleafdata.com/privacy-policy/"
foursquare-labs-inc,"Foursquare Labs, Inc.",other,location.foursquare.com,"https://foursquare.com/legal/privacy-center/#media_and_text-v1-a322121e-92c0-497b-85ae-e6c4672842ed"
fourthwall-media-inc,"FourthWall Media, Inc.",other,fourthwall.tv,"https://www.fourthwall.tv/donotsellorshare-fourthwall"
fraiser-llc,"Fraiser LLC",other,fraiser.org,"https://www.fraiser.org/ccpa"
freewheel-media-inc,"FreeWheel Media Inc",other,freewheel.com,"https://www.freewheel.com/privacy-policy#tab2_section2_6"
general-motors-llc,"General Motors LLC",other,gm.com,"https://www.gm.com/consumer-privacy"
getemail-io,"GetEmail.io",other,getemail.io,"https://getemail.io/privacy_policy/"
getemails-llc,"GetEmails LLC",other,retention.com,"https://www.retention.com/article-update-privacy-policy"
getvector-inc,"GetVector, Inc.",other,vector.co,"https://www.vector.co/legal/privacy"
giant-partners-inc,"Giant Partners, Inc.",other,giantpartners.com,"https://giantpartners.com/privacy-policy/"
glad-i-know,"Glad I Know",other,gladiknow.com,"https://gladiknow.com/opt-out"
governmentregistry-family,"GovernmentRegistry family",other,govregistry.us,"https://www.governmentregistry.org/opt-out"
governmentregistry-org,"GovernmentRegistry.org",other,governmentregistry.org,"https://www.governmentregistry.org/opt-out"
grayhair-software-llc,"GrayHair Software LLC",other,grayhairsoftware.com,"https://grayhairsoftware.com/privacy-policy/"
graze-social-pbc,"Graze Social PBC",other,graze.social,"https://www.graze.social/privacy-policy"
great-lakes-list-inc,"Great Lakes List, Inc.",other,greatlakeslists.com,"https://www.greatlakeslists.com/privacy-policy"
grin-technologies-inc,"GRIN Technologies Inc.",other,grin.co,"https://grin.co/privacy/"
growbots-inc,"Growbots Inc.",other,growbots.com,"https://www.growbots.com/do-not-sell-my-info/"
growing-libraries-llc,"Growing Libraries, LLC",other,growinglibraries.com,"https://growinglibraries.com/do-not-sell"
guidestar-direct-corp,"Guidestar Direct, Corp.",other,carneydirect.com,"https://www.carneydirect.com/privacy-policy/"
healthcare-inc-a-delaware-corporation,"HealthCare, Inc., a Delaware corporation",other,healthcare.com,"https://www.healthcare.com/privacy-policy"
healthlink-dimensions-llc,"HealthLink Dimensions, LLC",other,healthlinkdimensions.com,"https://healthlinkdimensions.com/consumerprivacyrights"
healthwise-data,"HealthWise Data",other,healthwisedata.com,"https://healthwisedata.com/privacy-policy/"
heartbeat-ai-inc,"Heartbeat.AI Inc",other,heartbeat.ai,"https://heartbeat.ai/policy-ccpa"
helix-campaigns-llc,"Helix Campaigns LLC",other,helixcampaigns.com,"https://www.helixcampaigns.com/privacy/"
hireteammate-inc,"HireTeamMate, Inc.",other,app.hireez.com,"https://app.hireez.com/ownyourdata"
hivestack-inc,"Hivestack Inc.",other,hivestack.com,"https://perion.com/ccpa/"
home-contractors-review-llc,"Home Contractors Review, LLC",other,fivestarrated.com,"https://www.fivestarrated.com/privacy-policy"
houston-association-of-realtors,"Houston Association of REALTORS",other,har.com,"https://www.har.com/question/27460_how-can-i-opt-out-of-the-zillow-listing"
hubspot-inc,"HubSpot, Inc.",other,legal.hubspot.com,"https://legal.hubspot.com/privacy-policy"
hunt-club-inc,"Hunt Club Inc",other,exploreatlas.io,"https://www.exploreatlas.io/privacy"
i360-llc,"i360, LLC",other,i-360.com,"https://www.i-360.com/ccpa/"
id5-technology-ltd,"ID5 Technology Ltd",other,id5.io,"https://id5.io/platform-privacy-policy/"
idg-communications-inc,"IDG Communications Inc.",other,foundryco.com,"https://foundryco.com/idg-privacy-policy/"
idnotify,"IDnotify",other,idnotify.com,"https://portal.idnotify.com/privacy-policy"
idstrong,"IDStrong",other,idstrong.com,"https://www.idstrong.com/remove-my-information/"
ileads-com-llc,"iLeads.com, LLC",other,ileads.com,"https://ileads.com/company/privacy-policy/#9"
illinois-prison-talk,"Illinois Prison Talk",other,illinoisprisontalk.org,"https://illinoisprisontalk.org/remove-my-info.php"
inbound-insight-llc,"Inbound Insight, LLC",other,inboundinsight.com,"https://www.inboundinsight.com/ccpa/"
indiemark-llc,"Indiemark LLC",other,blackbox.email,"https://blackbox.email/privacy-policy"
infinite-media-concepts-inc,"Infinite Media Concepts Inc",other,mailinglists.com,"https://mailinglists.com/about/privacy-policy/"
infomatics-llc-network-personsearchers-com,"Infomatics LLC network (personsearchers.com)",other,personsearchers.com,"https://www.personsearchers.com/optOut/name/landing"
infomatics-llc-network-privatereports-com,"Infomatics LLC network (privatereports.com)",other,privatereports.com,"https://www.privatereports.com/optOut/name/landingPage"
infopay-inc,"InfoPay, Inc",other,infopay.com,"https://www.infopay.com/privacy"
informa-usa-inc,"Informa USA Inc.",other,informa.com,"https://privacy.informa.com/policies/en/"
information-com,"Information.com",other,information.com,"https://information.com/opt-out"
inmar-oiq-llc,"Inmar-OIQ, LLC",other,owneriq.com,"https://www.inmar.com/about/privacy-policy"
inmarket-media-llc,"InMarket Media, LLC",other,inmarket.com,"https://inmarket.com/privacy/"
innovative-database-solutions-inc,"Innovative Database Solutions, Inc.",other,idatabasesolutions.com,"https://idatabasesolutions.com/ccpa/"
intalytics-inc,"Intalytics, Inc.",other,kalibrate.com,"https://kalibrate.com/data-subject-access-request-form/"
intent-iq-llc,"Intent IQ LLC",other,intentiq.com,"https://www.intentiq.com/opt-out/"
intentsify-llc,"Intentsify, LLC",other,intentsify.io,"https://intentsify.io/privacy-policy/"
interactive-data-llc,"Interactive Data, LLC",other,ididata.com,"https://www.ididata.com/idis-privacy-statement/#privacy"
ipqualityscore-llc,"IPQualityScore LLC",other,ipqualityscore.com,"https://www.ipqualityscore.com/domain-reputation/optout.networkadvertising.org"
iqvia-digital-inc,"IQVIA Digital Inc.",other,iqvia.com,"https://www.iqvia.com/about-us/privacy/ccpa/do-not-sell"
irys-inc,"Irys, Inc",other,irys.us,"https://irys.us/do-not-sell-ccpa"
ispot-tv-inc,"iSpot.tv, Inc.",other,ispot.tv,"https://www.ispot.tv/privacy"
iwave,"iWave",other,kindsight.io,"https://kindsight.io/privacy-policy/"
j-d-power,"J.D. Power",other,jdpower.com,"https://www.jdpower.com/privacy/california"
jigyasa-analytics-llc,"Jigyasa Analytics LLC",other,jigyasaanalytics.com,"https://jigyasaanalytics.com/contact-us"
jmr-media-consulting-inc,"JMR Media Consulting, Inc.",other,jmr-media.com,"https://jmr-media.com/privacy"
jun-group-productions-llc,"Jun Group Productions, LLC",other,jungroup.com,"https://jungroup.com/optout"
kargo-global-llc,"Kargo Global LLC",other,kargo.com,"https://www.kargo.com/ccpa"
kb-synergy-inc,"KB Synergy Inc",other,kbsynergy.com,"https://kbsynergy.com/privacy-policy-ccpa-do-not-sell-my-information/"
keyword-connects-llc,"Keyword Connects LLC",other,keywordconnects.com,"https://keywordconnects.com/privacy-policy/"
kids-live-safe,"Kids Live Safe",other,kidslivesafe.com,"https://www.kidslivesafe.com/help-center/privacy-requests"
kiwi-searches,"Kiwi Searches",other,kiwisearches.com,"https://kiwisearches.com/privacy"
kloudend-inc,"Kloudend, Inc.",other,ipapi.co,"https://ipapi.co/donotsell/"
knower-tech-usa-llc,"Knower Tech USA, LLC",other,rbarrel.com,"https://www.rbarrel.com/opt-out"
koddi-inc,"Koddi Inc.",other,koddi.com,"https://koddi.com/privacy-policy/"
komodo-health-inc,"Komodo Health, Inc.",other,komodohealth.com,"https://www.komodohealth.com/privacy-notice/"
kontext-data,"Kontext Data",other,kontextdata.com,"https://kontextdata.com/privacy"
l-s-mobile-apps-holdings-ltd,"L.S Mobile Apps Holdings Ltd",other,lsmapps.com,"https://www.lsmapps.com/privacy-center"
labels-and-lists-inc,"Labels & Lists, Inc",other,l2-data.com,"https://www.l2-data.com/california-privacy-rights-for-california-residents-only/"
lead-me-media-llc,"Lead Me Media, LLC",other,policy.leadmemedia.com,"https://policy.leadmemedia.com/States/privacyrequestform.html"
leadcrunch,"LeadCrunch",other,getrev.ai,"https://getrev.ai/privacy-policy/#notice-to-residents-of-california"
leadiq-inc,"LeadIQ, Inc",other,leadiq.com,"https://www.leadiq.com/privacy-center"
leadpost-llc,"LeadPost LLC",other,leadpost.com,"https://leadpost.com/privacy-policy/"
leadspace-inc,"Leadspace Inc",other,leadspace.com,"https://www.leadspace.com/do-not-sell-form/"
lenso-ai,"Lenso AI",other,lenso.ai,"https://lenso.ai/en/opt-out"
lightbox-parent-l-p,"LightBox Parent, L.P.",other,lightboxre.com,"https://www.lightboxre.com/lightbox-individual-data-rights-request/"
listkit-llc,"ListKit LLC",other,listkit.io,"https://www.listkit.io/privacy"
lob-com-inc,"Lob.com, Inc.",other,lob.com,"https://www.lob.com/privacy"
lookify,"Lookify",other,lookify.io,"https://lookify.io/opt-out"
loopme-limited,"LoopMe Limited",other,legal.loopme.com,"https://legal.loopme.com/privacy-center"
m-and-r-strategic-services,"M&R Strategic Services",other,mrss.com,"https://www.mrss.com/privacy-policy/"
m1-data-and-analytics-llc,"M1 Data & Analytics, LLC",other,m1-data.com,"https://m1-data.com/disclosures/"
malvern-media-inc,"Malvern Media Inc.",other,privacyportal.privacypillar.com,"https://privacyportal.privacypillar.com/dsar/form?orgid=369c8ff9-8ffb-4308-8362-f01691e77db8&propid=64c8904f-8bac-4dd9-8e6c-d052be1918a2&formid=6e6ff4b8-2296-4589-ae7f-563fa743ec2d&status=publish"
marketops-llc,"MarketOps LLC",other,marketops.com,"https://marketops.com/privacy-options/"
marriott-international-inc,"Marriott International, Inc.",other,marriott.com,"https://www.marriott.com/about/your-privacy-rights.mi"
matchbook-data-llc,"Matchbook Data, LLC",other,matchbookdata.com,"https://www.matchbookdata.com/privacy-policy/"
maxmind-inc,"MaxMind, Inc.",other,maxmind.com,"https://www.maxmind.com/en/privacy-policy"
mediawallah-inc,"MediaWallah Inc",other,mediawallah.com,"https://mediawallah.com/privacy-policy/"
medpro-systems,"MedPro Systems",other,medprosystems.com,"https://www.medprosystems.com/privacy-policy/"
meltwater-news-us-inc,"Meltwater News US Inc.",other,meltwater.com,"https://www.meltwater.com/en/privacy"
message-digital-llc,"Message Digital LLC",other,messagedigital.com,"https://www.messagedigital.com/my-data"
mh-sub-i-llc,"MH Sub I, LLC",other,internetbrands.com,"https://www.internetbrands.com/privacy/privacy-main"
michigan-residents,"Michigan Residents",other,michiganresidentdatabase.com,"https://www.michiganresidentdatabase.com/opt-out"
mineralholders,"MineralHolders",other,mineralholders.com,"https://www.mineralholders.com/opt-out"
minerva-bi-inc,"Minerva BI Inc",other,realtors.minervadata.xyz,"https://pages.minerva.io/privacy-policy"
mobile-technology-corporation,"Mobile Technology Corporation",other,onspotdata.com,"https://www.onspotdata.com/privacy-policy/"
mobilewalla-inc,"Mobilewalla, Inc.",other,mobilewalla.com,"https://www.mobilewalla.com/california-residents-do-not-sell-my-personal-information"
modfx-labs-pvt-ltd,"ModFx Labs Pvt Ltd",other,modfxlabs.com,"https://modfxlabs.com/privacy"
mogean-inc,"Mogean, Inc.",other,mogean.com,"https://www.mogean.com/privacy-policy"
monevo-inc,"Monevo, Inc.",other,app.monevo.us,"https://app.monevo.us/california-privacy-policy"
moody-s-corporation,"Moody's Corporation",other,moodys.com,"https://www.moodys.com/web/en/us/legal/privacy-policy.html"
multimedia-lists-inc,"MULTIMEDIA LISTS, INC.",other,multimedialists.com,"https://multimedialists.com/privacy-policy/"
names-and-facts,"Names and Facts",other,namesandfacts.com,"https://namesandfacts.com/do-not-sell-my-info"
narvar-inc,"Narvar, Inc.",other,corp.narvar.com,"https://corp.narvar.com/legal/privacy-policy"
national-opinion-institute-llc,"National Opinion Institute, LLC",other,nationalopinioninstitute.com,"https://nationalopinioninstitute.com/ca-privacy/"
native-american-netroots,"Native American Netroots",other,nativeamericannetroots.net,"https://nativeamericannetroots.net/diary/51"
nc-resident-database,"NC Resident Database",other,northcarolinaresidentdatabase.com,"https://www.northcarolinaresidentdatabase.com/opt-out"
new-gold-ventures-llc,"New Gold Ventures LLC",other,thinkdatagroup.com,"https://www.thinkdatagroup.com/privacy-policy"
nextroll-inc,"NextRoll, Inc",other,nextroll.com,"https://www.nextroll.com/privacy"
nfocus-consulting-inc,"NFocus Consulting, Inc.",other,n-focus.com,"https://www.n-focus.com/privacy-policy/"
numlooker,"NumLooker",other,numlooker.com,"https://numlooker.com/remove-my-info"
numlookup,"NumLookup",other,numlookup.com,"https://www.numlookup.com/opt_out"
ohio-resident-database,"Ohio Resident Database",other,ohioresidentdatabase.com,"https://www.ohioresidentdatabase.com/opt-out"
online-media-group-inc,"ONLINE MEDIA GROUP INC.",other,omginc.xyz,"https://omginc.xyz/privacy"
onpoint-data-strategy,"OnPoint Data Strategy",other,onpointdatastrategy.com,"https://onpointdatastrategy.com/opt-out/"
opensend-inc,"Opensend Inc",other,opensend.com,"https://www.opensend.com/privacy-policy"
orgio-inc,"Orgio, Inc.",other,theorg.com,"https://theorg.com/privacy"
outlogic-llc,"Outlogic, LLC",other,outlogic.io,"https://outlogic.io/privacy-policy/"
outward-media-inc,"Outward Media, Inc.",other,outwardmedia.com,"https://outwardmedia.com/do-not-sell"
owmn-ltd,"OWMN, LTD.",other,thebridgecorp.com,"https://www.thebridgecorp.com/california-residents-ccpa/"
ownco-llc,"Ownco, LLC",other,my.monitorbase.com,"https://my.monitorbase.com/privacypolicy"
pacific-east-research-inc,"Pacific East Research Inc",other,pacificeast.com,"https://www.pacificeast.com/contact-us-privacy/"
path2response-llc,"Path2Response LLC",other,privacyportal-cdn.onetrust.com,"https://privacyportal-cdn.onetrust.com/dsarwebform/2de26f06-de6f-45a7-8e1d-7d1148a3f301/draft/7a5dc7d1-cc7e-43a8-9f24-702807deb65b.html"
pitchbook-data-inc,"PitchBook Data, Inc",other,pitchbook.com,"https://pitchbook.com/privacy-policy"
place-exchange-inc,"Place Exchange, Inc.",other,placeexchange.com,"https://www.placeexchange.com/do-not-sell-my-information"
plunge-llc,"Plunge, LLC",other,plungedigital.com,"https://www.plungedigital.com/privacy-policy/"
pmg-worldwide-llc,"PMG Worldwide, LLC",other,pmg.com,"https://www.pmg.com/privacy-policy"
pop-acta-media-llc,"Pop Acta Media, LLC",other,popacta.com,"https://popacta.com/privacy-policy/"
possiblenow-inc,"PossibleNOW, Inc.",other,possiblenow.com,"https://www.possiblenow.com/privacy-statement"
postie-inc,"Postie, Inc",other,postie.com,"https://postie.com/your-privacy-choices/"
postpilot-inc,"PostPilot, Inc.",other,postpilot.com,"https://www.postpilot.com/privacy-policy"
precisely-software-incorporated,"Precisely Software Incorporated",other,precisely.com,"https://www.precisely.com/your-privacy-choices/"
predactiv,"Predactiv",other,predactiv.com,"https://predactiv.com/privacy-policy/"
predictive-pop-inc,"Predictive Pop, Inc.",other,audigent.com,"https://audigent.com/privacy-center/"
preqin-limited,"Preqin Limited",other,preqin.com,"https://www.preqin.com/policies/privacy-policy"
privatenumberchecker,"PrivateNumberChecker",other,privatenumberchecker.com,"https://www.privatenumberchecker.com/removal-request"
privco-media-llc,"PrivCo Media LLC",other,privco.com,"https://www.privco.com/privacy-policy"
prodpro-inc,"ProdPro Inc",other,app.prodpro.com,"https://app.prodpro.com/privacy-policy"
project-affinity-inc,"Project Affinity, Inc",other,affinity.co,"https://www.affinity.co/legal/privacy-policy"
propertychecker-com,"PropertyChecker.com",other,propertychecker.com,"https://propertychecker.com/optout"
propertyiq,"PropertyIQ",other,propertyiq.com,"https://www.propertyiq.com/opt-out/address-search"
propertyreach,"PropertyReach",other,propertyreach.com,"https://www.propertyreach.com/privacy-rights"
publicinfoservices,"PublicInfoServices",other,publicinfoservices.com,"https://www.publicinfoservices.com/help-center/privacy"
publicnsa-llc,"PublicNSA LLC",other,optout.bigdbm.com,"https://optout.bigdbm.com/"
pulsepoint-inc,"PulsePoint, Inc.",other,pulsepoint.com,"https://www.pulsepoint.com/legal/platform-privacy-policy"
purecars-technologies-llc,"PureCars Technologies, LLC",other,docs.google.com,"https://docs.google.com/forms/d/e/1FAIpQLSdXAQsI4b0angLCONbwT4B4YSFiPyVMMLzizCuBSnPZmsTp_g/viewform"
pwc-product-sales-llc,"PwC Product Sales LLC",other,pwc.com,"https://www.pwc.com/us/en/site/california-privacy.html"
quad-graphics-inc,"Quad/Graphics, Inc.",other,quad.com,"https://www.quad.com/legal/privacy-policy"
qualfon,"Qualfon",other,qualfon.com,"https://www.qualfon.com/privacy-policy/"
qurium-solutions-inc,"Qurium Solutions, Inc.",other,supplier.io,"https://supplier.io/privacy-policy"
rampedup-llc,"RampedUp, LLC.",other,basic.rampedup.io,"https://basic.rampedup.io/app/donotsell"
rategain-adara-inc,"RateGain Adara, Inc.",other,adara.com,"https://adara.com/privacy-promise/"
ray-cdp-inc,"Ray CDP, Inc.",other,rayinsights.com,"https://www.rayinsights.com/privacy-notice/consumer-choice-portal/"
realeflow-llc,"Realeflow LLC",other,cdn.realeflow.com,"https://cdn.realeflow.com/privacy-policy.pdf"
realsource-inc,"RealSource, Inc",other,realsourcedata.com,"https://www.realsourcedata.com/do-not-sell-my-personal-information"
realtyhop-com,"Realtyhop.com",other,realtyhop.com,"https://www.realtyhop.com/resources/realtyhop-redaction-request-system/"
recruitbot-inc,"RecruitBot, Inc.",other,recruitbot.com,"https://recruitbot.com/privacy-policy/"
redfin-corporation,"Redfin Corporation",other,redfin.com,"https://support.redfin.com/hc/en-us/articles/38493151019419"
redi-data-inc,"Redi-Data Inc.",other,redidata.com,"https://www.redidata.com/privacy-policy/"
redmob-llc,"Redmob LLC",other,redmob.io,"https://redmob.io/privacy-policy"
remodeling-com-llc,"Remodeling.com, LLC",other,remodeling.com,"https://remodeling.com/privacy-policy/"
resonate,"Resonate",other,resonate.com,"https://www.resonate.com/privacy-policy/"
revcontent,"RevContent",other,revcontent.com,"https://www.revcontent.com/policy/privacy-policy#residents-of-the-state-of-california"
revelio-labs-inc,"Revelio Labs, Inc.",other,reveliolabs.com,"https://www.reveliolabs.com/notice-to-california-residents/"
reverseaustralia,"Reverseaustralia",other,reverseaustralia.com,"https://www.reverseaustralia.com/privacy.php"
revoptimal-llc,"RevOptimal, LLC",other,revoptimal.com,"https://revoptimal.com/privacy/"
rhetorik-limited,"Rhetorik Limited",other,rhetorik.com,"https://rhetorik.com/do-not-sell-my-info/"
rich-media-llc,"Rich Media LLC",other,richmediallc.com,"https://richmediallc.com/do-not-sell-my-personal-information/"
roq-ad-inc,"Roq.ad Inc.",other,roq.ad,"https://www.roq.ad/privacy-policy-roqad/"
round-sky-inc,"Round Sky, Inc.",other,roundsky.com,"https://www.roundsky.com/supplemental-privacy-notice/"
sabio-inc,"Sabio, Inc.",other,sabio.inc,"https://www.sabioctv.com/do-not-sell-my-info"
salary-com-llc,"Salary.com, LLC",other,salary.com,"https://www.salary.com/legal/privacy-controls/"
salutary-data-llc,"Salutary Data LLC.",other,salutarydata.com,"https://salutarydata.com/privacy-opt-out-and-disclosure-form/"
samba-tv-inc,"Samba TV, Inc.",other,samba.tv,"https://www.samba.tv/users/privacy-policy"
sbfe-llc,"SBFE, LLC",other,sbfe.org,"https://www.sbfe.org/connect/ccpa"
scribd-inc,"Scribd, Inc.",other,scribd.com,"https://www.scribd.com/document/253240908/Opt-Out-Form"
search-systems-directory-of-links,"Search Systems (directory of links)",other,searchsystems.net,"https://publicrecords.searchsystems.net/opt-out.php"
searchbug-inc,"Searchbug, Inc.",other,searchbug.com,"https://www.searchbug.com/ccpa.aspx"
secretinfo,"SecretInfo",other,secretinfo.org,"https://www.secretinfo.org/api/helper/optOutLight/search"
seekhd,"SeekHD",other,seekhd.com,"https://www.seekhd.com/optout"
semasio-gmbh,"Semasio GmbH",other,semasio.com,"https://www.semasio.com/legal/semasio-privacy-policy"
semcasting-inc,"Semcasting, Inc.",other,semcasting.com,"https://www.semcasting.com/privacy-choice"
share-local-media-inc,"Share Local Media, Inc",other,sharelocalmedia.com,"https://www.sharelocalmedia.com/privacy-policy"
sharethrough-inc,"Sharethrough Inc.",other,privacy-center.sharethrough.com,"https://privacy-center.sharethrough.com/en/"
sheerid-inc,"SheerID, Inc.",other,sheerid.com,"https://www.sheerid.com/global-privacy-policy/"
similarweb-ltd,"Similarweb Ltd.",other,similarweb.com,"https://www.similarweb.com/corp/legal/privacy-policy/"
simio-cloud-llc,"Simio Cloud, LLC",other,simiocloud.com,"https://simiocloud.com/simiocloud-products-services-privacy-policy/"
site-impact-inc,"Site Impact, Inc",other,siteimpact.com,"https://www.siteimpact.com/privacypolicy.php"
slashdot-media-llc,"Slashdot Media, LLC",other,slashdotmedia.com,"https://slashdotmedia.com/privacy-statement/"
snovio-inc,"Snovio Inc",other,snov.io,"https://snov.io/do-not-sell-my-personal-information"
source-path-digital,"Source Path Digital",other,sourcepathdigital.com,"https://sourcepathdigital.com/california-consumer-portal/"
spy-dialer,"Spy Dialer",other,spydialer.com,"https://www.spydialer.com/optout.aspx"
spycloud-inc,"SpyCloud, Inc.",other,spycloud.com,"https://spycloud.com/legal/privacy-policy/"
stackadapt-inc,"StackAdapt Inc.",other,stackadapt.com,"https://www.stackadapt.com/legal-document-centre/platform-and-services-privacy-policy"
start-io-inc,"Start.io Inc.",other,start.io,"https://www.start.io/policy/privacy-policy-site/"
staterecords-org-network-statecourts-org,"StateRecords.org network (statecourts.org)",other,statecourts.org,"https://www.statecourts.org/optout/"
statsocial-inc,"StatSocial, Inc",other,statsocial.com,"https://www.statsocial.com/privacy-policy"
steppingblocks-inc,"Steppingblocks, Inc.",other,steppingblocks.com,"https://www.steppingblocks.com/privacy-ccpa"
subsplash,"Subsplash",other,subsplash.com,"https://www.subsplash.com/legal/privacy"
summit-resources-llc,"Summit Resources, LLC",other,clientcommand.com,"https://clientcommand.com/client-command-privacy-notice/"
swarm-holdings-inc,"Swarm Holdings, Inc.",other,theswarm.com,"https://www.theswarm.com/privacy"
swoop-com-inc,"Swoop.com, Inc.",other,swoop.com,"https://swoop.com/privacy-notice/"
swordfish-ai-inc,"Swordfish AI Inc.",other,swordfish.ai,"https://swordfish.ai/policy-ccpa"
t-mobile-usa-inc,"T-Mobile USA, Inc.",other,t-mobile.com,"https://www.t-mobile.com/privacy-center"
tagis-inc,"Tagis, Inc.",other,amplemarket.com,"https://www.amplemarket.com/legal/privacy"
targetsmart-communications-llc,"TargetSmart Communications LLC",other,privacy.targetsmart.com,"https://privacy.targetsmart.com/"
teamunify-llc,"TeamUnify, LLC",other,teamunify.com,"https://www.teamunify.com/team/mdest/page/safe-sport/photo-opt-out"
telesign-corporation,"Telesign Corporation",other,telesign.com,"https://www.telesign.com/privacy-requests"
tennhelp,"TennHelp",other,tennhelp.com,"https://www.tennhelp.com/public-resources/change-listing.html"
terminus-software-inc,"Terminus Software, Inc.",other,terminus.com,"https://demandscience.com/privacy-policy?utm_campaign=terminus-redirect"
the-alesco-group-llc,"The Alesco Group LLC",other,mydataprivacy.com,"https://www.mydataprivacy.com/upload-csv"
the-bump,"The Bump",other,thebump.com,"https://support.thebump.com/hc/en-us/articles/34980593049748"
the-data-group,"The Data Group",other,thedatagroup.com,"https://thedatagroup.com/california-consumer-privacy-act/"
thomson-reuters-clear,"Thomson Reuters (CLEAR)",other,thomsonreuters.com,"https://privacyportal.onetrust.com/webform/dbf5ae8a-0a6a-4f4b-b527-7f94d0de6bbc/170d8ef9-9f1c-45f6-b338-9f3fb30c801e"
torre-labs-inc,"Torre Labs, Inc.",other,torre.ai,"https://torre.ai/en/terms"
traackr-inc,"Traackr, Inc.",other,traackr.com,"https://www.traackr.com/infl-privacy-notice"
trestle-solutions-inc,"Trestle Solutions, Inc.",other,trestleiq.com,"https://trestleiq.com/privacy-policy-2022/"
triplelift-inc,"TripleLift, Inc.",other,triplelift.com,"https://triplelift.com/user-rights-policy-and-opt-out/"
true-blue-analytics-llc,"True Blue Analytics LLC",other,trueblueanalytics.org,"https://trueblueanalytics.org/privacy-policy"
true-opulence-corporation,"True Opulence Corporation",other,trueopulence.com,"https://trueopulence.com/en/privacy-policy"
trulia-llc,"Trulia, LLC",other,trulia.com,"https://support.trulia.com/hc/en-us/articles/221366928"
truthrecord-we-inform-llc,"TruthRecord (We Inform LLC)",other,truthrecord.org,"https://www.truthrecord.org/name_search/landing_page"
truthviewer,"TruthViewer",other,truthviewer.com,"https://www.truthviewer.com/api/helper/optOutLight/search"
tunnl-llc,"Tunnl, LLC",other,tunnldata.com,"https://www.tunnldata.com/privacy-policy"
unacast-inc,"Unacast, Inc.",other,unacast.com,"https://www.unacast.com/privacy-policy"
unearth-campaigns-llc,"Unearth Campaigns, LLC",other,unearthcampaigns.com,"https://www.unearthcampaigns.com/privacy-policy/"
upcell-llc,"Upcell, LLC",other,upcell.io,"https://www.upcell.io/data-claim"
uplead-llc,"Uplead LLC",other,uplead.com,"https://www.uplead.com/privacy/"
ups-capital-corporation,"UPS Capital Corporation",other,upscapital.com,"https://www.upscapital.com/privacy-notice"
us-data-corporation,"US Data Corporation",other,usdatacorporation.com,"https://www.usdatacorporation.com/opt-out"
usadata-inc,"USADATA, Inc.",other,usadata.com,"https://www.usadata.com/ccpa"
user-searcher,"User-Searcher",other,user-searcher.com,"https://blog.user-searcher.com/policy"
valassis-rrd,"Valassis / RRD",other,rrd.com,"https://privacyportal.onetrust.com/webform/45e4be25-919b-483f-9f95-12809576a2b3/6e633594-9a81-48bb-97ab-6fb29bf46019"
veeva-systems-inc,"Veeva Systems Inc.",other,veeva.com,"https://www.veeva.com/privacy/"
vendelux,"Vendelux",other,vendelux.com,"https://vendelux.com/privacy/"
venntel-inc,"Venntel, Inc.",other,venntel.com,"https://venntel.com/privacy-policy"
ventiveiq-llc,"VentiveIQ LLC",other,ventiveiq.com,"https://ventiveiq.com/privacy-policy/"
verifyrecords-infopay,"VerifyRecords (InfoPay)",other,verifyrecords.com,"https://verifyrecords.com/optout.html"
viant-us-llc,"Viant US LLC",other,ccpa.viantinc.com,"https://privacyportal.onetrust.com/webform/18c06089-a9ec-473c-a6d8-23d20fea46af/43201dea-88d7-44cd-9142-e5b4f485e428"
videoamp-inc,"VideoAmp, Inc.",other,videoamp.com,"https://www.videoamp.com/us-privacy-notice/"
visitiq-io,"VisitIQ.io",other,visitiq.io,"https://visitiq.io/opt-out/"
vistar-media-inc,"Vistar Media, Inc.",other,vistarmedia.com,"https://www.vistarmedia.com/privacy-choices"
visual-visitor-l-l-c,"Visual Visitor L.L.C.",other,visualvisitor.com,"https://www.visualvisitor.com/opt-out/"
vrtcal-markets-inc,"VRTCAL Markets Inc",other,vrtcal.com,"https://www.vrtcal.com/docs/PrivacyPolicy-Advertising.pdf"
warmly-inc,"Warmly, Inc",other,warmly.ai,"https://www.warmly.ai/p/privacy-policy#your-choices"
wealthfeed-inc,"WealthFeed, Inc.",other,wealthfeed.com,"https://www.wealthfeed.com/privacy-choices/"
webbula-llc,"Webbula, LLC",other,webbula.com,"https://webbula.com/privacy-center/"
webmd-health-corp,"WebMD Health Corp.",other,webmd.com,"https://www.webmd.com/about-webmd-policies/about-ccpa-do-not-sell"
weinform-we-inform-llc,"WeInform (We Inform LLC)",other,weinform.org,"https://www.weinform.org/optOut/name/landing"
windfall-data-inc,"Windfall Data, Inc.",other,windfall.com,"https://www.windfall.com/your-privacy-choices"
winr-data-b-v,"WINR Data B.V.",other,winrdata.com,"https://www.winrdata.com/privacy-policy-us/"
wunderkind-corporation,"Wunderkind Corporation",other,wunderkind.co,"https://www.wunderkind.co/privacy/"
wyty,"Wyty",other,wyty.com,"https://www.wyty.com/remove/"
xad-inc,"xAd, Inc.",other,groundtruth.com,"https://www.groundtruth.com/privacy-policy/"
zeta-global-corp,"Zeta Global Corp.",other,zetaglobal.com,"https://zetaglobal.com/privacy-choices/"
ziprecruiter-inc,"ZipRecruiter, Inc.",other,ziprecruiter.com,"https://www.ziprecruiter.com/ccpa-opt-out"
zipstorm-inc,"ZipStorm, Inc.",other,seekout.com,"https://www.seekout.com/privacy"
zlookup,"Zlookup",other,zlookup.com,"https://www.zlookup.com/opt_out"
zs-associates-inc,"ZS Associates, Inc.",other,zs.com,"https://www.zs.com/data-request"
absolute-people-search,"Absolute People Search",people-search,absolutepeoplesearch.com,"https://absolutepeoplesearch.com/optout"
advancedbackgroundchecks,"AdvancedBackgroundChecks",people-search,advancedbackgroundchecks.com,"https://www.advancedbackgroundchecks.com/opt-out"
anywho-intelius-peopleconnect,"AnyWho (Intelius/PeopleConnect)",people-search,anywho.com,"https://suppression.peopleconnect.us/"
archives-com-ancestry,"Archives.com (Ancestry)",people-search,archives.com,"https://www.archives.com/?_act=Optout"
arrestfacts-beenverified-related,"ArrestFacts (BeenVerified-related)",people-search,arrestfacts.com,"https://arrestfacts.com/ng/control/privacy"
background-hawk-truthfinder,"Background Hawk (TruthFinder)",people-search,backgroundhawk.com,"https://www.truthfinder.com/opt-out/v2/submit/"
backgroundchecks-org-beenverified-data,"BackgroundChecks.org (BeenVerified data)",people-search,backgroundchecks.org,"https://www.beenverified.com/app/optout/search"
beenverified,"BeenVerified",people-search,beenverified.com,"https://www.beenverified.com/app/optout/search"
bumper-beenverified-family,"Bumper (BeenVerified family)",people-search,bumper.com,"https://www.beenverified.com/app/optout/search"
checkpeople,"CheckPeople",people-search,checkpeople.com,"https://checkpeople.com/opt-out"
classmates-com,"Classmates.com",people-search,classmates.com,"https://www.classmates.com/about/privacy#p-8"
cocofinder,"CocoFinder",people-search,cocofinder.com,"https://cocofinder.com/remove-my-info"
cocofinder-net,"CocoFinder.net",people-search,cocofinder.net,"https://cocofinder.net/remove-my-info"
criminal-com-truthfinder,"Criminal.com (TruthFinder)",people-search,criminal.com,"https://www.truthfinder.com/opt-out/v2/submit/"
criminalrecords-com-intelius,"CriminalRecords.com (Intelius)",people-search,criminalrecords.com,"https://www.intelius.com/privacy-center"
cyberbackgroundchecks,"CyberBackgroundChecks",people-search,cyberbackgroundchecks.com,"https://www.cyberbackgroundchecks.com/removal"
dewarrants-org-infotracer-form,"dewarrants.org (InfoTracer form)",people-search,dewarrants.org,"https://infotracer.com/optout/"
easybackgroundchecks-intelius,"EasyBackgroundChecks (Intelius)",people-search,easybackgroundchecks.com,"https://www.intelius.com/suppression-center/"
familytreenow,"FamilyTreeNow",people-search,familytreenow.com,"https://www.familytreenow.com/optout"
fastpeoplesearch,"FastPeopleSearch",people-search,fastpeoplesearch.com,"https://www.fastpeoplesearch.com/optout"
fastpeoplesearch-io,"FastPeopleSearch.io",people-search,fastpeoplesearch.io,"https://fastpeoplesearch.io/remove-my-info"
findpeoplefast-net,"FindPeopleFast.net",people-search,findpeoplefast.net,"https://findpeoplefast.net/company/remove-my-info"
findpeoplesearch,"FindPeopleSearch",people-search,findpeoplesearch.com,"http://www.findpeoplesearch.com/customerservice/"
freepeopledirectory-spokeo-data,"FreePeopleDirectory (Spokeo data)",people-search,freepeopledirectory.com,"https://www.freepeopledirectory.com/optout"
freepeoplesearch-com,"FreePeopleSearch.com",people-search,freepeoplesearch.com,"https://freepeoplesearch.com/privacy-policy/"
freephonetracer-beenverified-form,"FreePhoneTracer (BeenVerified form)",people-search,freephonetracer.com,"https://www.beenverified.com/app/optout/search"
govwarrantsearch-org-infotracer-form,"govwarrantsearch.org (InfoTracer form)",people-search,govwarrantsearch.org,"https://infotracer.com/optout/"
idcrawl,"IDCrawl",people-search,idcrawl.com,"https://www.idcrawl.com/remove-my-information"
infomatics-llc-network-peoplesearch123-com,"Infomatics LLC network (peoplesearch123.com)",people-search,peoplesearch123.com,"https://www.peoplesearch123.com/optOut/name/landing"
infomatics-llc-network-peoplesearcher-com,"Infomatics LLC network (peoplesearcher.com)",people-search,peoplesearcher.com,"https://www.peoplesearcher.com/optOut/name/landing"
infomatics-llc-network-peoplesearchusa-org,"Infomatics LLC network (peoplesearchusa.org)",people-search,peoplesearchusa.org,"https://www.peoplesearchusa.org/optOut/name/landing"
infotracer,"InfoTracer",people-search,infotracer.com,"https://infotracer.com/optout/"
infotracer-network,"InfoTracer network",people-search,clicksearch.us,"https://clicksearch.us/optout"
instantcheckmate-peopleconnect,"InstantCheckmate (PeopleConnect)",people-search,instantcheckmate.com,"https://suppression.peopleconnect.us/"
instantcheckspy-truthfinder,"InstantCheckSpy (TruthFinder)",people-search,instantcheckspy.com,"https://www.truthfinder.com/privacy-center"
intelius-peopleconnect,"Intelius (PeopleConnect)",people-search,intelius.com,"https://suppression.peopleconnect.us/"
intelius-peopleconnect-address-us-com,"Intelius / PeopleConnect (address.us.com)",people-search,address.us.com,"https://suppression.peopleconnect.us/?brand=Intelius"
intelius-peopleconnect-addresses-com,"Intelius / PeopleConnect (addresses.com)",people-search,addresses.com,"https://suppression.peopleconnect.us/"
lead411-corporation,"Lead411 Corporation",people-search,lead411.com,"https://www.lead411.com/your-privacy-choices/"
mylife,"MyLife",people-search,mylife.com,"https://www.mylife.com/privacyrequest"
national-public-data,"National Public Data",people-search,nationalpublicdata.com,"https://nationalpublicdata.com/optout.html"
neighborwho-beenverified-family,"NeighborWho (BeenVerified family)",people-search,neighborwho.com,"https://www.beenverified.com/app/optout/search"
northcarolinapublicrecords-org-truthfinder,"NorthCarolinaPublicRecords.org (TruthFinder)",people-search,northcarolinapublicrecords.org,"https://www.truthfinder.com/opt-out/v2/submit/"
numberguru-beenverified-family,"NumberGuru (BeenVerified family)",people-search,numberguru.com,"https://www.beenverified.com/app/optout/search"
nuwber,"Nuwber",people-search,nuwber.com,"https://nuwber.com/removal/link"
onlinesearches-intelius-peopleconnect,"OnlineSearches (Intelius/PeopleConnect)",people-search,onlinesearches.com,"https://suppression.peopleconnect.us/"
open-public-records-beenverified-data,"Open Public Records (BeenVerified data)",people-search,open-public-records.com,"https://www.open-public-records.com/records_removal.htm"
openpeoplesearch,"OpenPeopleSearch",people-search,openpeoplesearch.com,"https://openpeoplesearch.com/Consumer"
ownerly-beenverified-family,"Ownerly (BeenVerified family)",people-search,ownerly.com,"https://www.beenverified.com/app/optout/search"
peekyou,"PeekYou",people-search,peekyou.com,"https://www.peekyou.com/about/contact/optout/"
peoplebyname,"PeopleByName",people-search,peoplebyname.com,"https://www.peoplebyname.com/remove.php"
peopleconnect-inc,"PeopleConnect, Inc.",people-search,peopleconnect.us,"https://peopleconnect.us/california-privacy-rights-disclosure"
peoplefind-com-intelius,"PeopleFind.com (Intelius)",people-search,peoplefind.com,"https://www.intelius.com/privacy-center"
peoplefinder-peopleconnect,"PeopleFinder (PeopleConnect)",people-search,peoplefinder.com,"https://suppression.peopleconnect.us/login"
peoplefinders-confi-chek,"PeopleFinders (Confi-Chek)",people-search,peoplefinders.com,"https://www.peoplefinders.com/opt-out"
peoplelooker-beenverified,"PeopleLooker (BeenVerified)",people-search,peoplelooker.com,"https://www.beenverified.com/app/optout/search"
peoplesearch-whitepages,"PeopleSearch (Whitepages)",people-search,peoplesearch.com,"https://www.whitepages.com/suppression-requests"
peoplesearchnow,"PeopleSearchNow",people-search,peoplesearchnow.com,"https://www.peoplesearchnow.com/opt-out"
peoplesmart-beenverified,"PeopleSmart (BeenVerified)",people-search,peoplesmart.com,"https://www.beenverified.com/app/optout/search"
peoplewhiz,"PeopleWhiz",people-search,peoplewhiz.com,"https://www.peoplewhiz.com/remove-my-info"
peoplewhiz-network-azerch-com,"PeopleWhiz network (azerch.com)",people-search,azerch.com,"https://www.azerch.com/Policies/Privacy"
peoplewhiz-network-mashpanel-com,"PeopleWhiz network (mashpanel.com)",people-search,mashpanel.com,"https://www.mashpanel.com/remove.php"
persopo,"Persopo",people-search,persopo.com,"http://info.persopo.com/opt-out.html"
pipl-inc,"Pipl, Inc.",people-search,pipl.com,"https://pipl.com/resources/privacy-documents/privacy-policy"
privateeye-confi-chek,"PrivateEye (Confi-Chek)",people-search,privateeye.com,"https://www.privateeye.com/static/view/optout/"
privaterecords-net,"PrivateRecords.net",people-search,privaterecords.net,"https://www.privaterecords.net/optOut/name/landing"
public-libraries-truthfinder,"Public Libraries (TruthFinder)",people-search,publiclibraries.com,"https://www.truthfinder.com/opt-out/v2/submit/"
publicdatacheck,"PublicDataCheck",people-search,publicdatacheck.com,"https://www.publicdatacheck.com/help-center/privacy-requests"
publicrecords-com-peopleconnect,"PublicRecords.com (PeopleConnect)",people-search,publicrecords.com,"https://suppression.peopleconnect.us/login"
publicrecordsnow-confi-chek,"PublicRecordsNow (Confi-Chek)",people-search,publicrecordsnow.com,"https://www.publicrecordsnow.com/static/view/optout/"
realpeoplesearch,"RealPeopleSearch",people-search,realpeoplesearch.com,"https://realpeoplesearch.com/about/remove-my-info"
recordsfinder,"RecordsFinder",people-search,recordsfinder.com,"https://members.recordsfinder.com/ccpaOptOut"
recordspage-truthfinder,"RecordsPage (TruthFinder)",people-search,recordspage.org,"https://www.truthfinder.com/opt-out/v2/submit/"
recordsquarry-truthfinder,"RecordsQuarry (TruthFinder)",people-search,recordsquarry.com,"https://www.truthfinder.com/opt-out/v2/submit/"
reunion-com-mylife,"Reunion.com (MyLife)",people-search,reunion.com,"https://www.mylife.com/ccpa/index.pubview"
reversephone-whitepages-affiliated,"ReversePhone (Whitepages-affiliated)",people-search,reversephone.com,"https://www.reversephone.com/svc/optout/search/optouts"
reversephonelookup-intelius-peopleconnect,"ReversePhoneLookup (Intelius/PeopleConnect)",people-search,reversephonelookup.com,"https://www.reversephonelookup.com/remove.php"
searchpeoplefree,"SearchPeopleFree",people-search,searchpeoplefree.com,"https://www.searchpeoplefree.com/opt-out"
searchpeoplefree-net,"SearchPeopleFree.net",people-search,searchpeoplefree.net,"https://searchpeoplefree.net/resource/remove-my-info"
searchquarry,"SearchQuarry",people-search,searchquarry.com,"https://members.searchquarry.com/opt-out"
searchusapeople-infotracer,"SearchUSAPeople (InfoTracer)",people-search,searchusapeople.com,"https://www.searchusapeople.com/data-removal-request/"
smartbackgroundchecks,"SmartBackgroundChecks",people-search,smartbackgroundchecks.com,"https://www.smartbackgroundchecks.com/optout"
snoopstation-intelius,"Snoopstation (Intelius)",people-search,snoopstation.com,"https://www.intelius.com/privacy-center"
social-catfish,"Social Catfish",people-search,socialcatfish.com,"https://socialcatfish.com/opt-out/"
southcarolinapublicrecords-com-truthfinder,"SouthCarolinaPublicRecords.com (TruthFinder)",people-search,southcarolinapublicrecords.com,"https://www.truthfinder.com/opt-out/v2/submit/"
spokeo,"Spokeo",people-search,spokeo.com,"https://www.spokeo.com/optout"
spokeo-data,"Spokeo (data)",people-search,peoplewin.com,"https://www.spokeo.com/optout"
spyfly,"SpyFly",people-search,spyfly.com,"https://www.spyfly.com/help-center/privacy"
staterecords-org-infotracer-hub,"StateRecords.org (InfoTracer hub)",people-search,staterecords.org,"https://members.staterecords.org/opt-out"
sync-me,"Sync.ME",people-search,sync.me,"https://sync.me/unsubscribe/"
thatsthem,"ThatsThem",people-search,thatsthem.com,"https://thatsthem.com/optout"
thepublicindex,"ThePublicIndex",people-search,thepublicindex.org,"https://thepublicindex.org/optout"
truepeoplesearch,"TruePeopleSearch",people-search,truepeoplesearch.com,"https://www.truepeoplesearch.com/removal"
truepeoplesearch-net,"TruePeopleSearch.net",people-search,truepeoplesearch.net,"https://truepeoplesearch.net/remove-my-info"
truthfinder-peopleconnect,"TruthFinder (PeopleConnect)",people-search,truthfinder.com,"https://www.truthfinder.com/opt-out/"
ufind-name,"uFind.name",people-search,ufind.name,"https://ufind.name/opt-out"
unitedstatesphonebook-usphonebook,"UnitedStatesPhonebook (USPhoneBook)",people-search,unitedstatesphonebook.com,"https://www.usphonebook.com/removal"
unmask,"UnMask",people-search,unmask.com,"https://unmask.com/opt-out/"
us-people-search,"US People Search",people-search,uspeoplesearch.com,"https://uspeoplesearch.com/purge-my-data/"
us-search-peopleconnect,"US Search (PeopleConnect)",people-search,ussearch.com,"https://suppression.peopleconnect.us/"
usa-people-search,"USA-People-Search",people-search,usa-people-search.com,"https://www.usa-people-search.com/manage"
usatrace-peoplefinders,"USATrace (PeopleFinders)",people-search,usatrace.com,"https://www.usatrace.com/your-privacy/"
usphonebook,"USPhoneBook",people-search,usphonebook.com,"https://www.usphonebook.com/opt-out"
uswarrants-org-infotracer-form,"uswarrants.org (InfoTracer form)",people-search,uswarrants.org,"https://infotracer.com/optout/"
veripages,"Veripages",people-search,veripages.com,"https://veripages.com/inner/control-privacy"
whitepages,"Whitepages",people-search,whitepages.com,"https://www.whitepages.com/suppression-requests"
whitepages-411-com,"Whitepages (411.com)",people-search,411.com,"https://www.whitepages.com/suppression-requests"
yellow-pages-directory-inc,"Yellow Pages Directory Inc.",people-search,yellowpagesdirectory.com,"https://www.yellowpagesdirectory.com/opt_out/"
yellowbook-beenverified-data,"YellowBook (BeenVerified data)",people-search,yellowbook.com,"https://www.beenverified.com/f/optout/search"
yellowpages-yp-thryv,"YellowPages (YP/Thryv)",people-search,yellowpages.com,"https://www.yellowpages.com/about/ccpa-yp"
yellowpages-people-intelius-data,"YellowPages People (Intelius data)",people-search,people.yellowpages.com,"https://suppression.peopleconnect.us/"
zabasearch-peopleconnect-intelius,"ZabaSearch (PeopleConnect/Intelius)",people-search,zabasearch.com,"https://suppression.peopleconnect.us/"
corelogic-cotality,"CoreLogic (Cotality)",public-records,corelogic.com,"https://www.cotality.com/legal/online-privacy-portal"
florida-voter-directory,"Florida Voter Directory",public-records,floridavoterdirectory.com,"https://www.floridavoterdirectory.com/opt-out"
njpropertyrecords,"NJPropertyRecords",public-records,njpropertyrecords.com,"https://njpropertyrecords.com/redaction"
propertyradar-inc,"PropertyRadar, Inc.",public-records,propertyradar.com,"https://www.propertyradar.com/privacy-policy"
propertyrec-network,"PropertyRec network",public-records,propertyrec.com,"https://dashboard.propertyrec.com/opt-out"
propertyrecord-network,"PropertyRecord network",public-records,propertyrecord.com,"https://dashboard.propertyrecord.com/opt-out"
propertyrecs,"PropertyRecs",public-records,mypropertyrecs.com,"https://dashboard.propertyrecs.com/opt-out"
propertyrecs-network,"PropertyRecs network",public-records,propertyrecs.com,"https://dashboard.propertyrecs.com/opt-out"
publicrecordreports,"PublicRecordReports",public-records,publicrecordreports.com,"https://www.publicrecordreports.com/help-center/privacy-requests"
publicrecords-us,"PublicRecords.us",public-records,publicrecords.us,"https://dashboard.publicrecords.us/opt-out"
quickpublicrecords,"QuickPublicRecords",public-records,quickpublicrecords.com,"https://www.quickpublicrecords.com/help-center/privacy-requests"
searchpublicrecords,"SearchPublicRecords",public-records,searchpublicrecords.com,"https://www.searchpublicrecords.com/help-center/privacy-requests"
staterecords-org-network-alabamacourtrecords-us,"StateRecords.org network (alabamacourtrecords.us)",public-records,alabamacourtrecords.us,"https://alabamacourtrecords.us/optout/"
staterecords-org-network-alaskacourtrecords-us,"StateRecords.org network (alaskacourtrecords.us)",public-records,alaskacourtrecords.us,"https://alaskacourtrecords.us/optout/"
staterecords-org-network-arizonacourtrecords-us,"StateRecords.org network (arizonacourtrecords.us)",public-records,arizonacourtrecords.us,"https://arizonacourtrecords.us/optout/"
staterecords-org-network-arkansascourtrecords-us,"StateRecords.org network (arkansascourtrecords.us)",public-records,arkansascourtrecords.us,"https://arkansascourtrecords.us/optout/"
staterecords-org-network-californiacourtrecords-us,"StateRecords.org network (californiacourtrecords.us)",public-records,californiacourtrecords.us,"https://californiacourtrecords.us/optout/"
staterecords-org-network-coloradocourtrecords-us,"StateRecords.org network (coloradocourtrecords.us)",public-records,coloradocourtrecords.us,"https://coloradocourtrecords.us/optout/"
staterecords-org-network-connecticutcourtrecords-us,"StateRecords.org network (connecticutcourtrecords.us)",public-records,connecticutcourtrecords.us,"https://connecticutcourtrecords.us/optout/"
staterecords-org-network-delawarecourtrecords-us,"StateRecords.org network (delawarecourtrecords.us)",public-records,delawarecourtrecords.us,"https://delawarecourtrecords.us/optout/"
staterecords-org-network-floridacourtrecords-us,"StateRecords.org network (floridacourtrecords.us)",public-records,floridacourtrecords.us,"https://floridacourtrecords.us/optout/"
staterecords-org-network-georgiacourtrecords-us,"StateRecords.org network (georgiacourtrecords.us)",public-records,georgiacourtrecords.us,"https://georgiacourtrecords.us/optout/"
staterecords-org-network-hawaiicourtrecords-us,"StateRecords.org network (hawaiicourtrecords.us)",public-records,hawaiicourtrecords.us,"https://hawaiicourtrecords.us/optout/"
staterecords-org-network-hub,"StateRecords.org network (hub)",public-records,courtrecords.us,"https://courtrecords.us/optout/"
staterecords-org-network-idahocourtrecords-us,"StateRecords.org network (idahocourtrecords.us)",public-records,idahocourtrecords.us,"https://idahocourtrecords.us/optout/"
staterecords-org-network-illinoiscourtrecords-us,"StateRecords.org network (illinoiscourtrecords.us)",public-records,illinoiscourtrecords.us,"https://illinoiscourtrecords.us/optout/"
staterecords-org-network-indianacourtrecords-us,"StateRecords.org network (indianacourtrecords.us)",public-records,indianacourtrecords.us,"https://indianacourtrecords.us/optout/"
staterecords-org-network-iowacourtrecords-us,"StateRecords.org network (iowacourtrecords.us)",public-records,iowacourtrecords.us,"https://iowacourtrecords.us/optout/"
staterecords-org-network-kansascourtrecords-us,"StateRecords.org network (kansascourtrecords.us)",public-records,kansascourtrecords.us,"https://kansascourtrecords.us/optout/"
staterecords-org-network-kentuckycourtrecords-us,"StateRecords.org network (kentuckycourtrecords.us)",public-records,kentuckycourtrecords.us,"https://kentuckycourtrecords.us/optout/"
staterecords-org-network-louisianacourtrecords-us,"StateRecords.org network (louisianacourtrecords.us)",public-records,louisianacourtrecords.us,"https://louisianacourtrecords.us/optout/"
staterecords-org-network-mainecourtrecords-us,"StateRecords.org network (mainecourtrecords.us)",public-records,mainecourtrecords.us,"https://mainecourtrecords.us/optout/"
staterecords-org-network-marylandcourtrecords-us,"StateRecords.org network (marylandcourtrecords.us)",public-records,marylandcourtrecords.us,"https://marylandcourtrecords.us/optout/"
staterecords-org-network-massachusettscourtrecords-us,"StateRecords.org network (massachusettscourtrecords.us)",public-records,massachusettscourtrecords.us,"https://massachusettscourtrecords.us/optout/"
staterecords-org-network-michigancourtrecords-us,"StateRecords.org network (michigancourtrecords.us)",public-records,michigancourtrecords.us,"https://michigancourtrecords.us/optout/"
staterecords-org-network-minnesotacourtrecords-us,"StateRecords.org network (minnesotacourtrecords.us)",public-records,minnesotacourtrecords.us,"https://minnesotacourtrecords.us/optout/"
staterecords-org-network-mississippicourtrecords-us,"StateRecords.org network (mississippicourtrecords.us)",public-records,mississippicourtrecords.us,"https://mississippicourtrecords.us/optout/"
staterecords-org-network-missouricourtrecords-us,"StateRecords.org network (missouricourtrecords.us)",public-records,missouricourtrecords.us,"https://missouricourtrecords.us/optout/"
staterecords-org-network-montanacourtrecords-us,"StateRecords.org network (montanacourtrecords.us)",public-records,montanacourtrecords.us,"https://montanacourtrecords.us/optout/"
staterecords-org-network-nebraskacourtrecords-us,"StateRecords.org network (nebraskacourtrecords.us)",public-records,nebraskacourtrecords.us,"https://nebraskacourtrecords.us/optout/"
staterecords-org-network-nevadacourtrecords-us,"StateRecords.org network (nevadacourtrecords.us)",public-records,nevadacourtrecords.us,"https://nevadacourtrecords.us/optout/"
staterecords-org-network-newhampshirecourtrecords-us,"StateRecords.org network (newhampshirecourtrecords.us)",public-records,newhampshirecourtrecords.us,"https://newhampshirecourtrecords.us/optout/"
staterecords-org-network-newjerseycourtrecords-us,"StateRecords.org network (newjerseycourtrecords.us)",public-records,newjerseycourtrecords.us,"https://newjerseycourtrecords.us/optout/"
staterecords-org-network-newmexicocourtrecords-us,"StateRecords.org network (newmexicocourtrecords.us)",public-records,newmexicocourtrecords.us,"https://newmexicocourtrecords.us/optout/"
staterecords-org-network-newyorkcourtrecords-us,"StateRecords.org network (newyorkcourtrecords.us)",public-records,newyorkcourtrecords.us,"https://newyorkcourtrecords.us/optout/"
staterecords-org-network-northcarolinacourtrecords-us,"StateRecords.org network (northcarolinacourtrecords.us)",public-records,northcarolinacourtrecords.us,"https://northcarolinacourtrecords.us/optout/"
staterecords-org-network-northdakotacourtrecords-us,"StateRecords.org network (northdakotacourtrecords.us)",public-records,northdakotacourtrecords.us,"https://northdakotacourtrecords.us/optout/"
staterecords-org-network-ohiocourtrecords-us,"StateRecords.org network (ohiocourtrecords.us)",public-records,ohiocourtrecords.us,"https://ohiocourtrecords.us/optout/"
staterecords-org-network-oklahomacourtrecords-us,"StateRecords.org network (oklahomacourtrecords.us)",public-records,oklahomacourtrecords.us,"https://oklahomacourtrecords.us/optout/"
staterecords-org-network-oregoncourtrecords-us,"StateRecords.org network (oregoncourtrecords.us)",public-records,oregoncourtrecords.us,"https://oregoncourtrecords.us/optout/"
staterecords-org-network-pennsylvaniacourtrecords-us,"StateRecords.org network (pennsylvaniacourtrecords.us)",public-records,pennsylvaniacourtrecords.us,"https://pennsylvaniacourtrecords.us/optout/"
staterecords-org-network-rhodeislandcourtrecords-us,"StateRecords.org network (rhodeislandcourtrecords.us)",public-records,rhodeislandcourtrecords.us,"https://rhodeislandcourtrecords.us/optout/"
staterecords-org-network-southcarolinacourtrecords-us,"StateRecords.org network (southcarolinacourtrecords.us)",public-records,southcarolinacourtrecords.us,"https://southcarolinacourtrecords.us/optout/"
staterecords-org-network-southdakotacourtrecords-us,"StateRecords.org network (southdakotacourtrecords.us)",public-records,southdakotacourtrecords.us,"https://southdakotacourtrecords.us/optout/"
staterecords-org-network-tennesseecourtrecords-us,"StateRecords.org network (tennesseecourtrecords.us)",public-records,tennesseecourtrecords.us,"https://tennesseecourtrecords.us/optout/"
staterecords-org-network-texascourtrecords-us,"StateRecords.org network (texascourtrecords.us)",public-records,texascourtrecords.us,"https://texascourtrecords.us/optout/"
staterecords-org-network-utahcourtrecords-us,"StateRecords.org network (utahcourtrecords.us)",public-records,utahcourtrecords.us,"https://utahcourtrecords.us/optout/"
staterecords-org-network-vermontcourtrecords-us,"StateRecords.org network (vermontcourtrecords.us)",public-records,vermontcourtrecords.us,"https://vermontcourtrecords.us/optout/"
staterecords-org-network-virginiacourtrecords-us,"StateRecords.org network (virginiacourtrecords.us)",public-records,virginiacourtrecords.us,"https://virginiacourtrecords.us/optout/"
staterecords-org-network-washingtoncourtrecords-us,"StateRecords.org network (washingtoncourtrecords.us)",public-records,washingtoncourtrecords.us,"https://washingtoncourtrecords.us/optout/"
staterecords-org-network-westvirginiacourtrecords-us,"StateRecords.org network (westvirginiacourtrecords.us)",public-records,westvirginiacourtrecords.us,"https://westvirginiacourtrecords.us/optout/"
staterecords-org-network-wisconsincourtrecords-us,"StateRecords.org network (wisconsincourtrecords.us)",public-records,wisconsincourtrecords.us,"https://wisconsincourtrecords.us/optout/"
staterecords-org-network-wyomingcourtrecords-us,"StateRecords.org network (wyomingcourtrecords.us)",public-records,wyomingcourtrecords.us,"https://wyomingcourtrecords.us/optout/"
verifypublicrecords-cisnationwide,"VerifyPublicRecords (CISNationwide)",public-records,verifypublicrecords.com,"https://verifypublicrecords.com/Opt%20Out.html"
voterrecords-com,"VoterRecords.com",public-records,voterrecords.com,"https://voterrecords.com/faq"
california-criminal-records-search,"California Criminal Records Search",background-checks,californiacriminalrecords.org,"https://californiacriminalrecords.org/contact"
fastbackgroundcheck,"FastBackgroundCheck",background-checks,fastbackgroundcheck.com,"https://www.fastbackgroundcheck.com/"
freebackgroundcheck-org,"FreeBackgroundCheck.org",background-checks,freebackgroundcheck.org,"https://www.freebackgroundcheck.org/"
mugshotlook,"MugshotLook",background-checks,mugshotlook.com,"https://www.mugshotlook.com"
rain-street-arrestfacts,"Rain Street (ArrestFacts)",background-checks,rain-street.org,"https://rain-street.org/page/contact"
adprime-media-llc,"Adprime Media LLC",marketing,adprime.com,"https://www.adprime.com/privacy-policy"
agile-education-marketing-llc,"Agile Education Marketing, LLC",marketing,agile-ed.com,"https://agile-ed.com/california-privacy-rights/"
audience-mix-llc,"Audience Mix LLC",marketing,audiencemix.net,"https://www.audiencemix.net/do-no-sell-or-share-my-personal-informat"
blueprint-audiences,"Blueprint Audiences",marketing,blueprintaudiences.com,"https://blueprintaudiences.com"
digital-advertising-alliance-opt-out,"Digital Advertising Alliance opt-out",marketing,optout.aboutads.info,"https://optout.aboutads.info/"
dmachoice,"DMAChoice",marketing,dmachoice.org,"https://www.dmachoice.org/"
exact-match-marketing-inc,"Exact Match Marketing Inc",marketing,exactmatchmarketing.com,"https://exactmatchmarketing.com/privacy-policy"
four-corner-media-corp,"Four Corner Media Corp",marketing,fourcornerhome.com,"https://fourcornerhome.com/data-privacy-form/"
fushia-media-llc,"Fushia Media, LLC.",marketing,fushiamedia.com,"https://fushiamedia.com/privacy"
key-marketing-advantage,"Key Marketing Advantage",marketing,keymarketingadvantage.com,"https://keymarketingadvantage.com/privacy_policy"
malvern-media-inc-malvernmedia-com,"Malvern Media Inc. (malvernmedia.com)",marketing,malvernmedia.com,"https://www.malvernmedia.com/privacy-policy"
marketing-architects-inc,"Marketing Architects, Inc.",marketing,marketingarchitects.com,"https://www.marketingarchitects.com/privacy-policy-ProductAndService"
milestone-marketing-solutions,"Milestone Marketing Solutions",marketing,milestonemarketingsolutions.com,"https://www.milestonemarketingsolutions.com/privacy-policy"
north-american-media-llc,"North American Media LLC",marketing,namericanmedia.com,"https://namericanmedia.com/"
reallygreatrate-inc,"ReallyGreatRate, Inc",marketing,rgrmarketing.com,"https://www.rgrmarketing.com/"
salesintel-research-inc,"SalesIntel Research, Inc.",marketing,salesintel.io,"https://www.salesintel.io"
activimpact-llc,"ActivImpact, LLC",other,activimpact.ai,"https://activimpact.ai/privacy-policy"
addapptation-inc,"Addapptation, Inc.",other,propensity.com,"https://www.propensity.com/"
adsquare-gmbh,"adsquare GmbH",other,adsquare.com,"https://adsquare.com/"
adswizz-inc,"AdsWizz, Inc.",other,adswizz.com,"https://www.adswizz.com"
advisortarget-llc,"AdvisorTarget, LLC",other,finsum.com,"https://www.finsum.com/what-we-do/your-privacy-choices"
aggknowledge-inc,"AggKnowledge Inc.",other,aggknowledge.ai,"https://www.aggknowledge.ai/privacypolicy"
alarmscalifornia-licensedata,"AlarmsCalifornia (LicenseData)",other,alarmscalifornia.org,"http://www.alarmscalifornia.org/about"
allant-group-llc,"Allant Group, LLC",other,allantgroup.com,"https://allantgroup.com/privacy-policy"
altair-data-resources-inc,"Altair Data Resources, Inc",other,altairdata.com,"https://www.altairdata.com/consumer-info"
analyticsiq-inc-analytics-iq-com,"AnalyticsIQ Inc",other,analytics-iq.com,"https://analytics-iq.com/privacy-policy/"
andrews-wharton-inc,"Andrews Wharton, Inc.",other,andrewswharton.com,"https://www.andrewswharton.com/"
aniline-inc,"Aniline, Inc.",other,aniline.ai,"https://salesassistiq.ai/about"
applovin-corporation,"AppLovin Corporation",other,applovin.com,"https://legal.applovin.com/privacy/"
awl-holdings-llc-privacyportal-eu-onetrust-com,"AWL Holdings, LLC (privacyportal-eu.onetrust.com)",other,allwebleads.com,"https://privacyportal-eu.onetrust.com/webform/031dc37f-2093-4055-9d04-22f83329fe9f/a4fb8ed6-8389-4a17-a3be-ca808c6b300e"
babel-street-inc,"Babel Street, Inc.",other,babelstreet.com,"https://www.babelstreet.com/privacy"
bachmanity-inc,"Bachmanity, Inc.",other,aviato.co,"https://www.aviato.co/legal/privacy"
baron-app-inc,"Baron App, Inc.",other,candl.app,"https://legal.cameo.com/privacypolicy"
becausal-inc,"BECAUSAL, INC.",other,becausal.com,"https://www.becausal.com/personal-information"
biointelli-corporation,"Biointelli corporation",other,biointelli.com,"https://www.biointelli.com"
biscred,"Biscred",other,biscred.com,"https://www.biscred.com/do-not-sell-my-information"
blue-action-inc,"Blue Action Inc.",other,blueaction.io,"https://blueaction.io/do-not-sell/"
buyersroad-inc,"BuyersRoad, Inc",other,experience.com,"https://www.experience.com/privacy-notice"
california-drop,"California DROP",other,privacy.ca.gov,"https://privacy.ca.gov/drop/"
californiabrokers-org-licensedata,"CaliforniaBrokers.org (LicenseData)",other,californiabrokers.org,"http://www.californiabrokers.org/about#contact"
californiaengineering-org-licensedata,"CaliforniaEngineering.org (LicenseData)",other,californiaengineering.org,"http://www.californiaengineering.org/about#contact"
californialicensing-org-licensedata,"CaliforniaLicensing.org (LicenseData)",other,californialicensing.org,"http://www.californialicensing.org/about#contact"
californianursing-org-licensedata,"CaliforniaNursing.org (LicenseData)",other,californianursing.org,"http://www.californianursing.org/about#contact"
californiapharmacists-org-licensedata,"CaliforniaPharmacists.org (LicenseData)",other,californiapharmacists.org,"http://www.californiapharmacists.org/about#contact"
captiv8-inc,"Captiv8 Inc.",other,captiv8.io,"https://captiv8.io/policy/opt-out/"
cb-information-services-inc,"CB Information Services, Inc.",other,cbinsights.com,"https://www.cbinsights.com/privacy-policy"
cellrevealer,"CellRevealer",other,cellrevealer.com,"https://www.cellrevealer.com/"
circana-llc,"Circana, LLC",other,circana.com,"https://www.circana.com/the-circana-group-global-privacy-policy-and-notice"
cision,"Cision",other,cision.com,"https://portals.dporganizer.com/fa778b0e-817f-4c96-b13d-e2b614470033"
citydata-inc,"CITYDATA Inc.",other,citydata.ai,"https://www.citydata.ai/privacy"
clarivate,"Clarivate",other,clarivate.com,"https://privacyportal.onetrust.com/webform/7636e208-dda4-4218-8026-e1bc155873fc/draft/8651c266-68d4-43a8-b7ca-7bd8398843d6"
coast-technology-llc,"Coast Technology, LLC",other,coasttechnology.com,"https://coasttechnology.com/privacy-policy/"
commerce-signals-inc,"Commerce Signals, Inc.",other,commercesignals.com,"https://www.commercesignals.com"
connatix-native-exchange-inc,"Connatix Native Exchange Inc.",other,jwx.com,"https://www.jwx.com"
connection-holdings,"Connection Holdings",other,connectionholdings.com,"https://Connectionholdings.com"
consumer-canvas-llc,"Consumer Canvas, LLC",other,consumercanvas.net,"https://www.consumercanvas.net/privacy/"
consumerbase-llc,"Consumerbase, LLC",other,exactdata.com,"https://www.exactdata.com"
contactout-limited,"ContactOut Limited",other,contactout.com,"https://contactout.com/privacy_data_subjects"
contractorscalifornia-org-licensedata,"ContractorsCalifornia.org (LicenseData)",other,contractorscalifornia.org,"http://www.contractorscalifornia.org/about#contact"
cox-automotive-inc,"Cox Automotive, Inc.",other,coxautoinc.com,"https://www.coxautoinc.com/privacy-statement/"
crawlbee-corp,"CrawlBee Corp",other,crawlbee.com,"https://crawlbee.com/optout"
criteo-corp,"Criteo Corp.",other,criteo.com,"https://www.criteo.com/privacy/"
cybba-inc,"Cybba Inc.",other,cybba.com,"https://cybba.com"
datadesk-inc,"Datadesk Inc.",other,datadesk.io,"https://datadesk.io/help/do-not-sell-my-personal-info"
dataman-group-inc,"Dataman Group Inc",other,datamangroup.com,"https://www.datamangroup.com/california-consumer-privacy-act-ccpa/"
dealfront-finland-oy,"Dealfront Finland Oy",other,leadfeeder.com,"https://www.leadfeeder.com/privacy/privacy-notice/"
dealmachine-operations-inc,"DealMachine Operations Inc.",other,dealmachine.com,"https://help.dealmachine.com/en/articles/15298055-data-privacy-requests"
dentistscalifornia-org-licensedata,"DentistsCalifornia.org (LicenseData)",other,dentistscalifornia.org,"http://www.dentistscalifornia.org/about#contact"
donorbase-inc,"DonorBase, Inc.",other,donorbase.com,"https://www.dataaxlenonprofit.com/donorbase"
donorbureau-llc,"DonorBureau LLC",other,donorbureau.com,"https://donorbureau.com/california-privacy-rights-for-california-residents-only/"
draup-inc,"Draup, Inc.",other,draup.com,"https://www.draup.com"
dresden-direct-inc,"Dresden Direct inc.",other,dresdendirect.com,"https://www.dresdendirect.com/"
dspolitical-llc-dspolitical-com,"DSPolitical, LLC (dspolitical.com)",other,dspolitical.com,"https://www.dspolitical.com/privacy-policy/"
dun-and-bradstreet-inc-dnb-com,"Dun and Bradstreet Inc.",other,dnb.com,"https://www.dnb.com/en-us/why-dnb/data-transparency.html"
econtext-ai-llc,"eContext.ai LLC",other,complementics.com,"https://www.complementics.com/optout-donotsell"
elocal-usa-llc,"eLocal USA, LLC",other,elocal.com,"https://www.elocal.com"
enlyft-inc,"Enlyft Inc.",other,enlyft.com,"https://enlyft.com/privacy-policy"
equimine-inc,"EquiMine Inc.",other,batchleads.io,"https://www.batchleads.io"
everview-holdco-inc,"EverView HoldCo, Inc",other,evertrue.com,"https://www.evertrue.com/privacy-policy/"
exa-labs-inc,"Exa Labs Inc.",other,exa.ai,"https://exa.ai"
exact-opco-llc-exactcustomer-com,"Exact Opco, LLC (exactcustomer.com)",other,exactcustomer.com,"https://www.exactcustomer.com"
fetch-rewards-llc,"Fetch Rewards, LLC",other,fetch.com,"https://fetch.com/privacy-policy"
fi-navigator-corporation,"FI Navigator Corporation",other,fi-navigator.com,"https://www.fi-navigator.com/remove/"
firearmscalifornia-org-licensedata,"FireArmsCalifornia.org (LicenseData)",other,firearmscalifornia.org,"http://www.firearmscalifornia.org/about#contact"
first-orion-corp,"FIRST ORION CORP",other,firstorion.com,"https://firstorion.com/"
fog-data-science-llc,"Fog Data science LLC",other,fogdatascience.com,"https://www.fogdatascience.com/opt-out"
gigabite-inc,"Gigabite Inc",other,boam.ai,"https://boam.ai/"
global-source-data-solutions-inc,"Global Source Data Solutions Inc",other,gsdsi.com,"https://gsdsi.com/privacy"
golookup,"GoLookUp",other,golookup.com,"https://golookup.com/support/optout"
h1-insights-inc,"H1 Insights, Inc.",other,h1.co,"https://www.h1.co"
health-union-llc,"Health Union, LLC",other,health-union.com,"https://privacyportal.onetrust.com/webform/c402d2db-7536-4212-a23d-ed4a33c1b3b2/e3aec736-7c0a-4313-a3e7-132ff601397a"
hudwayglass-homemetry-property-directory,"HudwayGlass / Homemetry (property directory)",other,hudwayglass.com,"https://hudwayglass.com/page/privacy"
huge-legal-technology-company-inc,"Huge Legal Technology Company, Inc",other,trustandwill.com,"https://trustandwill.com/security/privacy-policy"
idmap-inc,"IDMAP Inc",other,idmap.ai,"https://idmap.ai/privacy-policy.html"
illumin-inc,"illumin Inc.",other,illumin.com,"https://illumin.com/opt-out.html"
index-exchange-inc,"Index Exchange Inc.",other,indexexchange.com,"https://www.indexexchange.com/privacy/exchange-platform-privacy-policy/"
innovation-brands-corp,"Innovation Brands Corp",other,proxima.ai,"https://www.proxima.ai"
iqvia-digital-inc-privacyportal-onetrust-com,"IQVIA Digital Inc. (privacyportal.onetrust.com)",other,iqviadigital.com,"https://privacyportal.onetrust.com/webform/07e8dc4d-6686-403e-9b11-39fe7347d2f4/2f999bd2-c826-498c-a504-894eaf543b6f"
j2-global-canada-inc-campaigner-com,"J2 Global Canada Inc.",other,campaigner.com,"https://www.campaigner.com/legal/privacy-policy"
jdm-list-services,"JDM LIST SERVICES",other,jdmlistservices.com,"https://jdmlistservices.com/privacy-policy"
juicebox-app-inc,"Juicebox App, Inc.",other,juicebox.ai,"https://juicebox.ai/"
kind-skiptracing-inc,"Kind Skiptracing, Inc",other,kindskiptracing.com,"https://kindskiptracing.com"
lead-enhance-llc,"LEAD ENHANCE LLC",other,lead-enhance.com,"https://bathroom-remodel-today.com/privacy/"
lead-intelligence-inc,"Lead Intelligence Inc.",other,infutor.com,"https://infutor.com/privacy-center/"
learnmore-llc,"LearnMore, LLC",other,learnmore.com,"https://learnmore.com/privacy-rights/"
leidos-digital-solutions-inc,"Leidos Digital Solutions, Inc.",other,leidosiq.com,"https://leidosiq.com/"
licenseplatedata,"LicensePlateData",other,licenseplatedata.com,"https://licenseplatedata.com/contact"
listsonline-com-inc,"ListsOnline.com, Inc.",other,everleads.com,"https://www.everleads.com/privacy"
live-data-technologies-inc,"Live Data Technologies, Inc.",other,livedatatechnologies.com,"https://www.livedatatechnologies.com/opt-out"
lizdev-inc,"LizDev,Inc",other,lizdev.com,"https://lizdev.com/privacy-policy/"
madhive-inc,"MadHive, Inc.",other,madhive.com,"https://www.madhive.com/legal/privacy-policy"
mobilefuse-llc,"MobileFuse LLC",other,mobilefuse.com,"https://mobilefuse.com"
modigie-inc,"Modigie Inc",other,modigie.com,"https://modigie.com/privacy-policy/"
mv-digital-group-llc,"MV Digital Group, LLC",other,cinqdi.com,"https://www.cinqdi.com/privacy-policy/#section-rights"
nachal-inc,"Nachal Inc.",other,getliminal.com,"https://getliminal.com/ccpaprivacynotice"
national-do-not-call-registry,"National Do Not Call Registry",other,donotcall.gov,"https://www.donotcall.gov/"
neptune-ops-llc,"Neptune Ops LLC",other,neptuneops.com,"https://neptuneaii.com/legal/privacy-policy"
networx-systems-inc,"Networx Systems Inc.",other,networx.com,"https://www.networx.com/privacy"
new-mexico-data-insights,"New Mexico Data Insights",other,newmexicodatainsights.com,"https://newmexicodatainsights.com"
newenglandfacts,"NewEnglandFacts",other,newenglandfacts.com,"https://newenglandfacts.com/"
nexxen-inc,"Nexxen Inc",other,yourdata.nexxen.com,"https://nexxen.com"
notariescalifornia-com-licensedata,"NotariesCalifornia.com (LicenseData)",other,notariescalifornia.com,"http://www.notariescalifornia.com/about"
ocean-global-inc,"Ocean Global Inc",other,ocean.io,"https://www.ocean.io/"
ogury-ltd,"Ogury Ltd",other,ogury.com,"https://privacy.ogury.com/"
onfocus-sas,"Onfocus SAS",other,adagio.io,"https://adagio.io"
optable-technologies-us-inc,"Optable Technologies US Inc.",other,optable.co,"https://terms.optable.co/privacy/privacy-policies/products-and-services"
paedae-inc,"PaeDae, Inc.",other,infillion.com,"https://infillion.com/privacy-policy/"
pen-link-ltd,"Pen-Link, Ltd.",other,penlink.com,"https://www.penlink.com/privacy-policy/"
pludo-inc,"Pludo Inc",other,cashmereai.com,"https://cashmereai.com"
plug-chargers-llc,"Plug Chargers LLC",other,plug-industries.com,"https://www.plug-industries.com"
podible-inc,"Podible Inc",other,podscribe.com,"https://podscribe.com/privacy"
prospectbase-uk-limited,"ProspectBase UK Limited",other,prospectbase.com,"https://www.prospectbase.com/ccpa"
pub360,"Pub360",other,pub360.com,"https://pub360.com/"
quadrant-global-pte-ltd,"Quadrant Global Pte. Ltd.",other,quadrant.io,"https://www.quadrant.io/limit-data-privacy-request"
quorum-data-inc,"Quorum Data, Inc",other,quorum.inc,"https://quorum.inc/privacy"
randall-reilly-llc,"Randall-Reilly, LLC",other,fusable.com,"https://fusable.com/legal/website-terms-and-privacy-notice/"
real-intent-inc,"REAL INTENT INC",other,realintent.co,"https://www.realintent.co/do-not-sell"
rehold,"Rehold",other,rehold.com,"https://rehold.com/control/privacy"
reklaim-ltd,"Reklaim Ltd.",other,reklaimyours.com,"https://www.reklaimyours.com/privacy-policy"
relpro-inc,"RelPro, Inc.",other,relpro.com,"https://relpro.com/privacy-policy"
response-america-inc,"Response America, Inc.",other,responseamerica.net,"https://responseamerica.net/privacy_dec.html"
reveal-mobile-inc,"Reveal Mobile, Inc.",other,revealmobile.com,"https://revealmobile.com/privacy/"
revealname,"RevealName",other,revealname.com,"https://revealname.com"
revenue-roll-inc,"Revenue Roll Inc.",other,meettie.com,"https://meettie.com"
revenuebase-inc,"RevenueBase, Inc",other,revenuebase.ai,"https://revenuebase.ai/privacy-policy"
ripple-effect-strategies,"Ripple Effect Strategies",other,ripple-fx.com,"https://www.ripple-roi.com/privacy-policy"
ror-partners-llc,"ROR Partners, LLC",other,rorpartners.com,"https://rorpartners.com/privacy-policy"
rushmore-labs-llc,"Rushmore Labs, LLC",other,rushmorelabs.com,"https://www.censaianalytics.com/ccpa"
s-and-p-global-inc,"S&P Global Inc",other,spglobal.com,"https://www.spglobal.com/en"
scileads-ltd,"SciLeads Ltd",other,scileads.com,"https://scileads.com/privacy-policy/"
semantiq-inc,"SEMANTIQ INC",other,semantiqhealth.com,"https://semantiqhealth.com/privacy-policy"
skydeo-inc,"Skydeo Inc.",other,skydeo.com,"https://skydeo.com"
smarte-inc,"SMARTe Inc",other,smarte.pro,"https://www.smarte.pro"
sojern-inc,"Sojern, Inc",other,sojern.com,"https://www.sojern.com/privacy/privacy-policy"
solar-connect-llc,"Solar Connect, LLC",other,bluefireleads.com,"https://www.bluefireleads.com/privacy-policy.php"
sports-innovation-lab-inc,"Sports Innovation Lab, inc.",other,sportsilab.com,"https://www.sportsilab.com/privacy-choices"
sprout-social-inc,"Sprout Social, Inc.",other,sproutsocial.com,"https://sproutsocial.com/legal/privacy-policy/"
strategic-data-intelligence-llc,"Strategic Data Intelligence, LLC",other,strategicdataintelligence.com,"https://www.strategicdataintelligence.com"
subgraph-inc,"Subgraph, Inc",other,subgraph.tech,"https://subgraph.tech/privacy-rights"
task-genie-inc,"Task Genie, Inc.",other,datalane.com,"https://www.datalane.com"
tauxbe-data-inc,"Tauxbe Data Inc.",other,tauxbe.com,"https://www.tauxbe.com/privacy-policy"
teads-inc,"Teads Inc",other,teads.com,"https://privacy-policy.teads.com"
the-alesco-group-llc-alescodata-com,"The Alesco Group LLC (alescodata.com)",other,alescodata.com,"https://www.alescodata.com"
the-dots-global-limited,"The Dots Global Limited",other,the-dots.com,"https://the-dots.com/"
the-linea-1-mkt-sl,"THE LINEA 1 MKT SL",other,tl1mkt.com,"https://Www.tl1mkt.com"
the-segerdahl-llc,"The Segerdahl LLC",other,sg360.com,"https://sg360.com/do-not-sell-my-info/"
truthed-inc,"Truthed, Inc",other,truthed.com,"https://www.truthed.com/optout"
urban-science-applications-inc,"Urban Science Applications, Inc.",other,urbanscience.com,"https://www.urbanscience.com/privacy/"
veraset,"Veraset",other,veraset.com,"https://www.veraset.com/legal/do-not-sell-request#consumer-opt-out-do-not-sell-request"
veriforia-dataveria,"Veriforia/Dataveria",other,centeda.com,"https://centeda.com/control/privacy"
veriforia-dataveria-clubset-com,"Veriforia/Dataveria (clubset.com)",other,clubset.com,"https://clubset.com/control/privacy"
veriforia-dataveria-dataveria-com,"Veriforia/Dataveria (dataveria.com)",other,dataveria.com,"https://dataveria.com/opt-out/privacy"
veriforia-dataveria-kwold-com,"Veriforia/Dataveria (kwold.com)",other,kwold.com,"https://kwold.com/ns/control/privacy"
veriforia-dataveria-verecor-com,"Veriforia/Dataveria (verecor.com)",other,verecor.com,"https://verecor.com/control/privacy"
veriforia-dataveria-veriforia-com,"Veriforia/Dataveria (veriforia.com)",other,veriforia.com,"https://veriforia.com/ng/control/privacy"
vertical-int-inc,"Vertical Int, Inc.",other,enrichlayer.com,"https://enrichlayer.com/privacy-policy"
vi-technologies-inc,"Vi Technologies, Inc.",other,vi.co,"https://www.vi.co"
vizio-services-llc,"VIZIO Services, LLC",other,inscape.tv,"https://privacyportal-cdn.onetrust.com/dsarwebform/41aebd10-58ee-4c98-9dd5-aa66c9be664a/0099df9c-c0aa-4bf7-bd5f-7f4ff46768f6.html"
voxtur-data-services,"Voxtur Data Services",other,benutech.com,"https://www.benutech.com"
wiza-inc,"Wiza, Inc.",other,wiza.com,"https://www.wiza.co"
wurl-llc,"WURL, LLC",other,wurl.com,"https://www.wurl.com/wurl-advertising-and-media-services-privacy-notice/"
xcelerated-data-llc,"Xcelerated Data LLC",other,xcelerated.com,"https://xcelerated.com"
yieldmo-inc,"Yieldmo, Inc.",other,yieldmo.com,"https://yieldmo.com"
yobi-ventures-inc,"Yobi Ventures, Inc.",other,yobi.ai,"https://www.yobi.ai/opt-out"
zerotoone-ai-inc,"ZeroToOne.AI Inc.",other,zerotoone.ai,"https://www.zerotoone.ai/privacy-policy"
ziff-davis-llc,"Ziff Davis LLC",other,ziffdavis.com,"https://www.ziffdavis.com"
411locate,"411Locate",people-search,411locate.com,"https://www.411locate.com/"
americaphonebook,"AmericaPhoneBook",people-search,americaphonebook.com,"https://www.americaphonebook.com/contact.php"
callercenter,"CallerCenter",people-search,callercenter.com,"https://www.callercenter.com/"
confidentialphonelookup,"ConfidentialPhoneLookup",people-search,confidentialphonelookup.com,"https://www.confidentialphonelookup.com/"
electronic-voice-services-inc-telephonelists-biz,"Electronic Voice Services, Inc. (telephonelists.biz)",people-search,telephonelists.biz,"https://www.telephonelists.biz/privacy-notice-for-residents-of-california"
people-search-expert,"People Search Expert",people-search,peoplesearchexpert.com,"https://www.peoplesearchexpert.com/"
people-search-org,"People-Search.org",people-search,people-search.org,"https://people-search.org"
peoplefindersdaas,"PeoplefindersDaaS",people-search,peoplefindersdaas.com,"https://peoplefindersdaas.com/"
phonebooks-com,"PhoneBooks.com",people-search,phonebooks.com,"https://www.phonebooks.com/"
phonenumberinfo-us,"PhoneNumberInfo.us",people-search,phonenumberinfo.us,"https://phonenumberinfo.us/contact.php"
publicsearcher,"PublicSearcher",people-search,publicsearcher.com,"https://www.publicsearcher.com/"
radaris,"Radaris",people-search,radaris.com,"https://radaris.com/control/privacy"
revealphoneowner,"RevealPhoneOwner",people-search,revealphoneowner.com,"https://www.revealphoneowner.com"
telephone-directories,"Telephone Directories",people-search,premium.telephonedirectories.us,"https://www.telephonedirectories.us/Edit_Records"
usapeopledata-intelius,"USAPeopleData (Intelius)",people-search,usapeopledata.com,"http://www.usapeopledata.com/"
courtcasefinder,"CourtCaseFinder",public-records,courtcasefinder.com,"https://courtcasefinder.com"
publicrecordcom-llc,"PublicRecordCom, LLC",public-records,publicrecord.com,"https://publicrecord.com/privacy-rights/"
publicrecords-info,"PublicRecords.info",public-records,publicrecords.info,"https://www.publicrecords.info/"
sealedrecords,"SealedRecords",public-records,sealedrecords.net,"https://www.sealedrecords.net"
usrecords-infotracer,"USRecords (InfoTracer)",public-records,usrecords.net,"https://www.usrecords.net"
192-com,"192.com",people-search,192.com,"https://www.192.com/c01/new-request/"
411-ca,"411.ca",people-search,411.ca,"https://411.ca/privacy-policy"
amerilist,"AmeriList",marketing,amerilist.com,"https://www.amerilist.com/optout"
ancestry,"Ancestry",people-search,ancestry.com,"https://www.ancestry.com/c/legal/privacy-statement/privacystatement-2023-1-26"
attom-data,"ATTOM Data",public-records,attomdata.com,"https://ccpa.attomdata.com/"
backgrounds-online,"Backgrounds Online",background-checks,backgroundsonline.com,"https://clients.backgroundsonline.com/policies/privacy?right=true"
canada-national-do-not-call-list,"Canada National Do Not Call List",other,lnnte-dncl.gc.ca,"https://www.lnnte-dncl.gc.ca/en/"
canada411-yellow-pages-canada,"Canada411 (Yellow Pages Canada)",people-search,yp.ca,"https://corporate.yp.ca/privacy-statement"
checkr,"Checkr",background-checks,checkr.com,"https://checkr.com/legal/privacy-policy"
clarity-services,"Clarity Services",credit-financial,clarityservices.com,"https://www.clarityservices.com/support/opt-out-2/"
clearbit,"Clearbit",marketing,clearbit.com,"https://clearbit.com/privacy-policy"
courtlistener,"CourtListener",public-records,courtlistener.com,"https://wiki.free.law/c/terms/courtlistener/courtlistenercom-content-removal-policy"
datax,"DataX",credit-financial,dataxltd.com,"https://consumers.dataxltd.com/assets/pdf/datax_notice_of_election_to_opt_out.pdf"
delvepoint,"Delvepoint",background-checks,delvepoint.com,"https://www.delvepoint.com/resources-privacy.html"
dynata,"Dynata",marketing,dynata.com,"https://www.dynata.com/privacy/"
equifax-canada,"Equifax Canada",credit-financial,equifax.ca,"https://www.equifax.ca/privacy/"
experian-uk,"Experian UK",credit-financial,experian.co.uk,"https://www.experian.co.uk/privacy/consumer-information-portal/"
facecheck,"FaceCheck",people-search,facecheck.id,"https://facecheck.id/Face-Search/Privacy"
first-american,"First American",public-records,firstam.com,"https://www.firstam.com/privacy-policy/"
gedmatch,"GEDmatch",people-search,gedmatch.com,"https://www.gedmatch.com/privacy-security/"
getcontact,"GetContact",people-search,getcontact.com,"https://getcontact.com/en/privacy-overview"
gravy-analytics,"Gravy Analytics",marketing,gravyanalytics.com,"https://gravyanalytics.com/opt-out-do-not-sell"
hiya,"Hiya",people-search,hiya.com,"https://www.hiya.com/legal/privacy"
impact,"Impact",marketing,impact.com,"https://impact.com/privacy-policy/"
irbsearch,"IRBsearch",background-checks,irbsearch.com,"https://app.irbsearch.com/Rosa/personaldata/optout"
kaspr,"Kaspr",marketing,kaspr.io,"https://kaspr.privacy.saymine.io/kaspr"
kochava,"Kochava",marketing,kochava.com,"https://www.kochava.com/opt-out-do-not-sell-request-process/"
madison-logic,"Madison Logic",marketing,madisonlogic.com,"https://madisonlogic-privacy.my.onetrust.com/webform/b7449bea-44c6-4823-a2ac-30a8f33047d0/9a375b0c-9030-44ce-bfd3-217fd7a71993"
microbilt,"MicroBilt",credit-financial,microbilt.com,"https://www.microbilt.com/Cms_Data/Contents/Microbilt/Media/Docs/ConsumerAffair/0222_Update/MicroBilt-Consumer-Opt-Out-Form-03-01-21-.pdf"
myheritage,"MyHeritage",people-search,myheritage.com,"https://www.myheritage.com/FP/Company/popup-privacy-policy.php"
nationbuilder,"NationBuilder",other,nationbuilder.com,"https://nationbuilder.com/privacy"
network-advertising-initiative,"Network Advertising Initiative",marketing,thenai.org,"https://thenai.org/how-to-opt-out/"
pimeyes,"PimEyes",people-search,pimeyes.com,"https://pimeyes.com/en/opt-out"
propertyshark,"PropertyShark",public-records,propertyshark.com,"https://www.propertyshark.com/mason/text/privacy_policy.html"
safegraph,"SafeGraph",marketing,safegraph.com,"https://www.safegraph.com/consumer-data-access-request-form/"
seedtag,"Seedtag",marketing,seedtag.com,"https://www.seedtag.com/privacy"
sharethis,"ShareThis",marketing,sharethis.com,"https://sharethis.com/do-not-sell-my-data-page/"
signalhire,"SignalHire",marketing,signalhire.com,"https://www.signalhire.com/opt-out"
skopenow,"Skopenow",background-checks,skopenow.com,"https://www.skopenow.com/skopenow-privacy-preferences"
smaato,"Smaato",marketing,smaato.com,"https://www.smaato.com/privacy/"
sterling,"Sterling",background-checks,sterling.com,"https://sterling.com/privacyrequest/"
superpages,"Superpages",people-search,superpages.com,"https://www.superpages.com/ccpa"
the-trade-desk,"The Trade Desk",marketing,adsrvr.org,"https://adsrvr.org/"
tracers,"Tracers",background-checks,tracers.com,"https://www.tracers.com/do-not-sell/"
transunion-canada,"TransUnion Canada",credit-financial,transunion.ca,"https://www.transunion.ca/legal/privacy-policy"
truecaller,"Truecaller",people-search,truecaller.com,"https://www.truecaller.com/privacy/privacy-center"
uk-open-electoral-register,"UK open electoral register",public-records,gov.uk,"https://www.gov.uk/electoral-register/opt-out-of-the-open-register"
voteref,"VoteRef",public-records,voteref.com,"https://voteref.com/Content/PrivacyPolicy"
whoscall,"Whoscall",people-search,whoscall.com,"https://web.whoscall.com/en/privacy"
yellow-pages-opt-out,"Yellow Pages opt-out",people-search,optoutyp.com,"https://optoutyp.com/"
youradchoices-canada,"YourAdChoices Canada",marketing,youradchoices.ca,"https://www.youradchoices.ca/choices"
youradchoices-control,"YourAdChoices control",marketing,youradchoices.com,"https://youradchoices.com/control"
youronlinechoices-edaa,"YourOnlineChoices (EDAA)",marketing,youronlinechoices.com,"https://www.youronlinechoices.com/uk/your-ad-choices"
canada411,"Canada411",people-search,canada411.ca,"https://www.canada411.ca/help.html?key=faq"
canada-pages,"Canada Pages",people-search,canadapages.com,"https://www.canadapages.com/remove-info.php"
white-pages-canada,"White Pages Canada",people-search,whitepagescanada.ca,"https://whitepagescanada.ca/remove-info.php"
bell-canada,"Bell Canada",people-search,bell.ca,"https://support.bell.ca/Home_phone/Phone_line/How_to_unlist_my_Bell_Home_phone_number"
cogeco,"Cogeco",people-search,cogeco.ca,"https://support.cogeco.ca/hc/en-ca/articles/360059892993-How-do-I-remove-my-name-and-Home-Phone-number-from-the-directory"
eastlink,"Eastlink",people-search,eastlink.ca,"https://www.eastlink.ca/privacy-policy/"
sasktel,"SaskTel",people-search,sasktel.com,"https://support.sasktel.com/app/answers/detail/a_id/15410"
telus,"TELUS",people-search,telus.com,"https://www.telus.com/en/about/privacy/faqs"
videotron,"Videotron",people-search,videotron.com,"https://www.videotron.com/en/support/home-phone/calls-services/star-codes-add-ons"
certn,"Certn",background-checks,certn.co,"https://certn.co/privacy-policy/"
triton-canada,"Triton Canada",background-checks,tritoncanada.ca,"https://www.tritoncanada.ca/triton-privacy-policy/"
canada-post,"Canada Post",marketing,canadapost-postescanada.ca,"https://www.canadapost-postescanada.ca/cpc/en/support/kb/receiving/delivery-faq/how-to-stop-receiving-advertising-mail.page"
cma-do-not-mail,"CMA Do Not Mail",marketing,thecma.ca,"https://www.thecma.ca/resources/consumer-centre/get-less-print-mail"
environics-analytics,"Environics Analytics",marketing,environicsanalytics.com,"https://environicsanalytics.com/footer/privacy"
elections-bc,"Elections BC",public-records,elections.bc.ca,"https://elections.bc.ca/resources/voters-list/the-provincial-voters-list/"
elections-canada,"Elections Canada",public-records,elections.ca,"https://www.elections.ca/content.aspx?section=vot&dir=reg/des&document=index&lang=e"
elections-ontario,"Elections Ontario",public-records,registertovoteon.ca,"https://www.registertovoteon.ca/content/dam/roh/en/sitecontent/documents/voter-registration-forms/Application%20to%20update,%20add%20or%20remove%20information%20from%20the%20voters%20list.pdf"
elections-quebec,"Elections Quebec",public-records,electionsquebec.qc.ca,"https://www.electionsquebec.qc.ca/en/vote/registering-your-name-on-the-list-of-electors-or-changing-your-information/"
bc-assessment,"BC Assessment",public-records,bcassessment.ca,"https://info.bcassessment.ca/Privacy"
mpac,"MPAC",public-records,mpac.ca,"https://www.mpac.ca/en/AboutUs/Policies/PrivacyStatement"
viewpoint-ca,"ViewPoint.ca",public-records,viewpoint.ca,"https://www.viewpoint.ca/privacy"
cai-quebec,"CAI Quebec",other,cai.gouv.qc.ca,"https://formulaire.cai.gouv.qc.ca/"
office-of-the-privacy-commissioner-of-canada,"Office of the Privacy Commissioner of Canada",other,priv.gc.ca,"https://www.priv.gc.ca/en/privacy-topics/information-and-advice-for-individuals/your-privacy-rights/raise-privacy-concern/"
oipc-alberta,"OIPC Alberta",other,oipc.ab.ca,"https://oipc.ab.ca/privacy-correction-complaint"
oipc-british-columbia,"OIPC British Columbia",other,oipc.bc.ca,"https://www.oipc.bc.ca/forms/individuals/complaints/"
profile-canada,"Profile Canada",other,profilecanada.com,"https://www.profilecanada.com/privacystatement.cfm"
rogers,"Rogers",other,rogers.com,"https://www.rogers.com/support/cyber-security/privacy/access-to-information"
411-info,"411.info",people-search,411.info,"https://411.info/privacy"
411-reverse-lookup-canada,"411 Reverse Lookup Canada",people-search,411reverselookup.ca,"https://www.411reverselookup.ca/privacy-policy.php"
anymail-finder,"Anymail Finder",marketing,anymailfinder.com,"https://app.anymailfinder.com/opt_out"
ad-direct,"Ad Direct",marketing,addirectinc.com,"https://addirectinc.com/privacy.html"
adapt-io,"Adapt.io",marketing,adapt.io,"https://www.adapt.io/check-my-email"
address-scoop,"Address Scoop",people-search,addressscoop.com,"https://www.addressscoop.com/opt-out/"
adttribution,"Adttribution",marketing,adttribution.com,"https://www.adttribution.com/opt-out/"
aeroleads,"AeroLeads",marketing,aeroleads.com,"https://aeroleads.com/gdpr"
affluense-ai,"Affluense.ai",marketing,affluense.ai,"https://www.affluense.ai/privacy-policy"
aged-solar-leads,"Aged Solar Leads",marketing,agedsolarleads.com,"https://agedsolarleads.com/do-not-sell-or-share-my-information/"
all-biz,"All Biz",other,allbiz.com,"https://www.allbiz.com/removal"
allpeople,"AllPeople",marketing,allpeople.com,"https://allpeople.com/removal"
allpeople-biz,"AllPeople.biz",marketing,allpeople.biz,"https://allpeople.biz/removal"
alumni-us,"Alumni US",people-search,alumnius.net,"https://alumnius.net/opt-out"
amone,"AmOne",credit-financial,amone.com,"https://apply.amone.com/privacy.asp"
apartments-com,"Apartments.com",public-records,apartments.com,"https://www.apartments.com/grow/about/do-not-sell-my-personal-information-california-residents"
appily,"Appily",marketing,appily.com,"https://www.appily.com/your-privacy-rights"
arounddeal,"AroundDeal",marketing,arounddeal.com,"https://www.arounddeal.com/remove-profile"
arrestwarrant-org,"ArrestWarrant.org",background-checks,arrestwarrant.org,"https://arrestwarrant.org/privacy.html"
audiencerate,"Audiencerate",marketing,audiencerate.com,"https://www.audiencerate.com/privacy-policy.html"
b2bhint,"B2BHint",other,b2bhint.com,"https://b2bhint.com/en/privacy-policy"
birdeye,"Birdeye",other,birdeye.com,"https://birdeye.com/ccpa/"
bizireland,"BizIreland",other,bizireland.com,"https://www.bizireland.com/privacy"
bizarchive,"Bizarchive",other,bizarchive.com,"https://www.bizarchive.com/removal"
bluaziende,"Bluaziende",other,bluaziende.com,"https://www.bluaziende.com/portale/privacy-policy/"
brady-list,"Brady List",public-records,giglio-bradylist.com,"https://giglio-bradylist.com/request-removal-0"
buzzfile,"Buzzfile",marketing,buzzfile.com,"https://www.buzzfile.com/Company/Remove"
cpadirectory,"CPAdirectory",other,cpadirectory.com,"https://cpadirectory.com/opt-out/"
careerbuilder,"CareerBuilder",marketing,careerbuilder.com,"https://edge.careerbuilder.com/optout"
cause-iq,"Cause IQ",marketing,causeiq.com,"https://www.causeiq.com/privacy_policy/ccpa/"
chamberofcommerce-com,"ChamberofCommerce.com",other,chamberofcommerce.com,"https://www.chamberofcommerce.com/privacy-policy"
cityzor,"Cityzor",people-search,cityzor.com,"https://cityzor.com/privacy/"
clodura-ai,"Clodura.AI",marketing,clodura.ai,"https://www.clodura.ai/privacy-policy/"
closely,"Closely",marketing,closelyhq.com,"https://closelyhq.com/legal/privacy-policy"
company-check,"Company Check",other,checkcompany.co.uk,"https://www.checkcompany.co.uk/privacy-policy"
compile-mckesson,"Compile (McKesson)",marketing,mckessoncompile.com,"https://privacyportal.onetrust.com/webform/599133ba-bafa-4e24-8173-6e59b6c96dab/1554ac76-9012-4a4d-8cd4-53776f517530"
consider,"Consider",marketing,consider.com,"https://consider.com/legal/gdpr"
courtrec-com,"CourtRec.com",people-search,courtrec.com,"https://dashboard.courtrec.com/opt-out"
criminalregistry-org,"CriminalRegistry.org",background-checks,criminalregistry.org,"https://criminalregistry.org/remove.php"
dato-capital,"Dato Capital",other,datocapital.com,"https://en.datocapital.com/privacy-policy.html"
datalead,"DataLead",marketing,data-lead.com,"https://data-lead.com/support/removal_request"
datagma,"Datagma",marketing,datagma.com,"https://form.typeform.com/to/MCuF90xu"
distribution-processing-center,"Distribution Processing Center",marketing,dpcoptout.com,"https://dpcoptout.com/"
ezlocal,"EZlocal",other,ezlocal.com,"https://contact.ezlocal.com/form/remove-listing/"
edgein-mentibus,"EdgeIn (Mentibus)",marketing,mentibus.xyz,"https://www.mentibus.xyz/privacy/gdpr"
equilar,"Equilar",marketing,equilar.com,"https://www.equilar.com/ccpa"
fha-mortgage-finder,"FHA Mortgage Finder",credit-financial,fhamortgagefinder.com,"https://www.fhamortgagefinder.com/CCPArequest.php"
fmadata,"FMAData",marketing,fmadata.com,"https://www.fmadata.com/opt-out-requests/new"
fastbase,"Fastbase",marketing,fastbase.com,"https://www.fastbase.com/privacy-policy"
pomanda,"Pomanda",other,pomanda.com,"https://pomanda.com/help/privacy-data-and-gdpr/i-want-pomanda-to-remove-my-personal-data"
finalscout,"FinalScout",marketing,finalscout.com,"https://finalscout.com/do-not-sell-my-info"
firmfuel,"FirmFuel",marketing,firmfuel.com,"https://firmfuel.com/privacy-policy/"
getprospect,"GetProspect",marketing,getprospect.com,"https://getprospect.com/privacy"
hearst,"Hearst",marketing,hearst.com,"https://www.hearst.com/-/us-magazines-privacy-notice"
home-media,"Home Media",marketing,neighborhoodalerts.com,"https://assets.neighborhoodalerts.com/public/policies/privacy-policy.pdf"
homes-com,"Homes.com",public-records,homes.com,"https://www.homes.com/about/communication-opt-out/"
homeyou,"Homeyou",marketing,homeyou.com,"https://www.homeyou.com/opt-out"
infofree,"InfoFree",marketing,infofree.com,"https://privacycompliance.biz/other-infofree/"
intentmacro,"IntentMacro",marketing,intentmacro.com,"https://intentmacro.com/ccpa-privacy/"
intentgine,"Intentgine",marketing,intentgine.com,"https://intentgine.com/ccpa-privacy/"
la-county-arrest-records,"LA County Arrest Records",background-checks,lacountyarrestrecords.org,"https://www.lacountyarrestrecords.org/ccpa/"
lawlink,"LawLink",other,lawlink.com,"https://lawlink.com/privacy"
listmatch,"ListMatch",marketing,listmatch.com,"https://listmatch.com/privacy/privacy.php"
local-pages,"Local Pages",other,localpages.com,"https://localpages.com/privacy"
locate-friend,"Locate-Friend",people-search,locate-friend.com,"https://locate-friend.com/optout"
locatefamily,"LocateFamily",people-search,locatefamily.com,"https://www.locatefamily.com/removal.html"
locatesmarter,"LocateSmarter",people-search,locatesmarter.com,"https://forms.locatesmarter.com/optoutform"
mch,"MCH",marketing,mchdata.com,"https://www.mchdata.com/about/ccpaemail"
mansionquest,"MansionQuest",public-records,mansionquest.com,"https://www.iubenda.com/privacy-policy/13265148"
marketforce,"MarketForce",marketing,marketforcecorp.com,"https://www.marketforcecorp.com/opt-out/"
mightyrep,"MightyRep",marketing,mightyrep.com,"https://mightyrep.com/privacy/"
moneybot5000,"MoneyBot5000",people-search,moneybot5000.com,"https://www.moneybot5000.com/svc/optout/search/optouts"
movoto,"Movoto",public-records,movoto.com,"https://www.movoto.com/about/ca_privacy/"
muraena,"Muraena",marketing,muraena.ai,"https://muraena.ai/optout"
nexxa,"NEXXA",marketing,nexxagroup.com,"https://www.nexxagroup.com/corporate-overview/consumer-opt-out/"
npir-org,"NPIR.org",other,npir.org,"https://npir.org/privacy"
nestfully,"Nestfully",public-records,nestfully.com,"https://www.nestfully.com/pages/privacy-policy"
nevada-arrests,"Nevada Arrests",background-checks,nevadaarrests.org,"https://www.nevadaarrests.org/the-privacy-request-portal/"
xing,"XING",marketing,xing.com,"https://privacy.xing.com/en/privacy-policy/what-rights-can-you-assert/right-of-access"
nexsales,"Nexsales",marketing,nexsales.com,"https://nexsales.com/privacy-policy"
nocallername,"NoCallerName",people-search,nocallername.com,"https://nocallername.com/privacy"
omsmb,"OMSMB",other,omsmb.com,"https://www.omsmb.com/privacy-policy"
optimal-fusion,"Optimal Fusion",marketing,optimalfusion.com,"https://optimalfusion.com/do-not-sell-my-personal-information/"
plexuss,"PLEXUSS",marketing,plexuss.com,"https://plexuss.com/ccpa-opt-out"
parade-pet,"Parade Pet",marketing,parade.pet,"https://www.parade.pet/privacy-policy.html"
phonenumbers-org,"PhoneNumbers.org",people-search,phonenumbers.org,"https://phonenumbers.org/privacy/"
processingbordeaux,"ProcessingBordeaux",people-search,processingbordeaux.org,"https://www.processingbordeaux.org/privacy-policy"
publicrecordscenter,"PublicRecordsCenter",public-records,publicrecordscenter.org,"https://publicrecordscenter.org/privacy-policy.php"
publicrecordssearcher,"PublicRecordsSearcher",public-records,publicrecordssearcher.com,"https://www.publicrecordssearcher.com/privacy.php"
realsatisfied,"RealSatisfied",marketing,realsatisfied.com,"https://www.realsatisfied.com/privacy"
revonect,"Revonect",marketing,revonect.com,"https://revonect.com/privacy_policy"
robokiller,"RoboKiller",other,robokiller.com,"https://support.bendingspoons.com/privacy?app=1022831885"
salesblink,"SalesBlink",marketing,salesblink.io,"https://salesblink.io/gdpr-compliance"
salesforce,"Salesforce",marketing,salesforce.com,"https://datasubjectrequest.salesforce.com/privacy"
salesgear-io,"Salesgear.io",marketing,salesgear.io,"https://support.salesgear.io/en/articles/5646120-opt-out-a-contact"
sentilink,"SentiLink",credit-financial,sentilink.com,"https://www.sentilink.com/privacy-policy"
shopify,"Shopify",marketing,shopify.com,"https://privacy.shopify.com/en/subject_types?selected=erasure"
shortlyst,"Shortlyst",marketing,shortlyst.ai,"https://www.shortlyst.ai/opt-out/"
solarreviews,"SolarReviews",marketing,solarreviews.com,"https://www.solarreviews.com/privacy-policy"
sourceit,"Sourceit",marketing,sourceitmarketing.com,"https://www.sourceitmarketing.com/privacy-policy/"
spectrum-mailing-lists,"Spectrum Mailing Lists",marketing,spectrummailinglists.com,"https://spectrummailinglists.com/privacy-statement/"
sprouts-ai,"Sprouts.ai",marketing,sprouts.ai,"https://sprouts.ai/privacy-request"
strata,"Strata",marketing,gostrata.com,"https://www.gostrata.com/do-not-sell-my-personal-information/"
streetdirectory,"Streetdirectory",other,streetdirectory.com.my,"https://streetdirectory.com.my/privacy-policy/"
success-ai,"Success.ai",marketing,success.ai,"https://www.success.ai/privacy"
the-company-check,"The Company Check",other,thecompanycheck.com,"https://www.thecompanycheck.com/privacy-policy"
telefi,"Telefi",marketing,telefi.app,"https://www.telefi.app/privacy"
texas-arrest-warrants-search,"Texas Arrest Warrants Search",background-checks,texasarrestwarrants.org,"https://texasarrestwarrants.org/privacy-policy"
texaswarrantroundup-org,"TexasWarrantRoundup.org",background-checks,texaswarrantroundup.org,"https://texaswarrantroundup.org/Privacy.html"
the-national-directory-of-registered-tax-return-preparers-and-pr-bec794,"The National Directory of Registered Tax Return Preparers & Professionals, Ltd.",other,ptindirectory.com,"https://www.ptindirectory.com/ccpa.cfm"
therapist-com,"Therapist.com",other,therapist.com,"https://therapist.com/privacy-notice/"
top4backgroundchecks,"Top4Backgroundchecks",background-checks,top4backgroundchecks.com,"https://www.top4backgroundchecks.com/privacy-policy/"
topline,"Topline",marketing,topline.com,"https://topline.com/opt-out"
transcend,"Transcend",marketing,transcend.io,"https://privacy.transcend.io"
transparent-nevada,"Transparent Nevada",public-records,transparentnevada.com,"https://transparentnevada.com/privacy"
us-business-directory,"US Business Directory",other,us-business.info,"https://us-business.info/privacy/"
usaphonesbook,"USAPhonesBook",people-search,usaphonesbook.com,"https://www.usaphonesbook.com/privacypolicy.aspx"
vdx-tv,"VDX.tv",marketing,vdx.tv,"https://www.vdx.tv/policies/privacy"
valid-number,"Valid Number",people-search,validnumber.com,"https://validnumber.com/doc/privacy/"
voilanorbert,"VoilaNorbert",marketing,voilanorbert.com,"https://www.voilanorbert.com/privacy-policy/"
wellness-com,"Wellness.com",other,wellness.com,"https://www.wellness.com/docs/11323/wellness-com-privacy-policy"
wisdom-media-group,"Wisdom Media Group",marketing,wisdommediagroupllc.com,"https://www.wisdommediagroupllc.com/privacy.php"
zumper,"Zumper",public-records,zumper.com,"https://www.zumper.com/privacy-policy"
hiremyfriend-io,"hiremyfriend.io",other,hiremyfriend.io,"https://hiremyfriend.io/privacy-policy/"
peoplewhizr,"PeopleWhizr",background-checks,peoplewhizr.com,"https://www.peoplewhizr.com/optout"
sba-loan-data,"SBA Loan Data",public-records,sbaloandata.org,"https://www.sbaloandata.org/privacy"
healthline,"Healthline",other,healthline.com,"https://privacyportal.onetrust.com/webform/b45407c6-ee79-4a08-912e-02ce898f9a14/8aa5f9b3-91df-485c-a2a7-5bcb5891ce3c"
